id,text,category_id,priority,status,created_at,author_id,assigned_to
1,"Не включается монитор в диспетчерской №789.",13,2,escalated,2026-03-12 12:10:00,9,13
2,"Проверить заземление оборудования №954.",2,5,in_progress,2026-04-11 09:00:00,3,2
3,"Короткое замыкание в сварочном аппарате №946.",2,5,resolved,2026-04-14 15:15:00,5,6
4,"Сломалась кран балка №324.",1,3,resolved,2026-04-04 07:45:00,18,4
5,"Замена подшипников главного привода №155.",1,4,in_progress,2026-03-30 13:40:00,15,4
6,"Посторонний шум в редукторе конвейера №470.",1,4,escalated,2026-05-09 12:55:00,11,16
7,"Проверить заземление оборудования №245.",2,1,closed,2026-04-26 16:35:00,1,9
8,"Брак партии деталей №531.",3,1,in_progress,2026-03-30 14:45:00,16,8
9,"В распределительном щите №848 искрит.",2,3,in_progress,2026-03-01 08:25:00,1,11
10,"Выявлен брак партии фланцев №406.",3,4,closed,2026-04-18 14:45:00,16,15
11,"Протечка сож на станке №390.",8,5,escalated,2026-03-31 12:25:00,6,15
12,"Брак партии деталей №868.",3,2,escalated,2026-05-08 16:15:00,1,17
13,"Ошибка позиционирования шпинделя станка №205.",1,2,closed,2026-03-04 15:35:00,2,6
14,"Посторонний шум в редукторе конвейера №371.",1,2,in_progress,2026-05-10 09:45:00,14,10
15,"Отсутствует освещение в зоне №92.",2,5,escalated,2026-04-15 09:10:00,14,15
16,"Позовите техника, сами не справляемся.",12,4,closed,2026-03-01 15:20:00,3,4
17,"Сломалась оснастка фрезерных работ.",1,1,assigned,2026-04-06 12:50:00,1,14
18,"Протечка сож на станке №269.",8,2,assigned,2026-03-11 08:30:00,6,2
19,"Нужна диагностика компрессора №779.",1,4,in_progress,2026-03-23 15:00:00,1,9
20,"Изменить производственное задание сегодня.",11,3,closed,2026-03-07 10:50:00,20,19
21,"Замена подшипников главного привода №268.",1,3,new,2026-04-30 09:40:00,14,2
22,"Организовать обучение операторов работе новым.",10,2,resolved,2026-04-15 08:35:00,6,15
23,"Нет освещения проходной цеха №772.",2,2,resolved,2026-04-07 07:30:00,20,13
24,"Неправильно начислена премия февраль сотрудников цеха №629.",6,3,new,2026-03-28 10:20:00,17,18
25,"Сломалась кран балка №733.",1,1,closed,2026-03-04 11:40:00,3,17
26,"Обучение нового сотрудника участке №332.",10,2,closed,2026-04-07 16:30:00,12,2
27,"Пора менять масла ЧПУ №980.",9,2,in_progress,2026-04-09 15:55:00,9,5
28,"Станок ЧПУ №130 издает посторонний шум при работе нужна диагностика.",1,1,closed,2026-03-21 13:50:00,18,6
29,"Нужно поставить CAD системы конструкторского отдела.",7,2,closed,2026-05-02 08:25:00,9,17
30,"Сбой системе учета материалов складе.",7,4,closed,2026-05-01 13:20:00,1,4
31,"Обучение нового сотрудника участке №736.",10,5,assigned,2026-03-25 09:50:00,12,11
32,"Нужен новый комплект метчиков плашек.",4,2,in_progress,2026-04-25 16:55:00,15,1
33,"Посторонний шум в редукторе конвейера №727.",1,3,in_progress,2026-04-01 14:45:00,17,16
34,"Протечка сож на станке №815.",8,5,in_progress,2026-04-18 13:15:00,16,19
35,"Выявлен брак партии корпусных деталей №948 нужна разбраковка.",3,5,assigned,2026-04-27 16:20:00,12,16
36,"Посторонний шум в редукторе конвейера №451.",1,1,closed,2026-05-01 15:55:00,13,14
37,"Перегрев двигателя вытяжки в цехе №79.",1,4,escalated,2026-04-05 11:35:00,19,3
38,"Не включается монитор в диспетчерской №177.",13,1,assigned,2026-04-14 11:45:00,8,20
39,"Оформление допуска высотным работам №823.",5,3,assigned,2026-05-03 09:00:00,3,18
40,"Замена фильтров вентиляционной системе №785.",9,1,escalated,2026-03-04 08:55:00,16,1
41,"Отсутствует освещение в зоне №634.",2,1,closed,2026-03-11 16:25:00,4,17
42,"Задержка аванса март сотрудники не получили выплату.",6,1,in_progress,2026-03-09 15:55:00,3,20
43,"В распределительном щите №826 искрит.",2,3,in_progress,2026-04-12 09:10:00,17,20
44,"В распределительном щите №21 искрит.",2,5,resolved,2026-05-14 15:35:00,8,19
45,"Нужен сварщик №792 разряда сборочный цех.",6,2,closed,2026-03-13 12:20:00,20,2
46,"Обучение нового сотрудника участке №705.",10,4,new,2026-04-22 07:10:00,20,9
47,"Оформление допуска высотным работам №761.",5,5,new,2026-04-10 07:00:00,19,20
48,"Не открывается ПО учёта (узел №687) предприятие в бухгалтерии.",7,4,new,2026-03-23 08:25:00,20,12
49,"Пора менять масла ЧПУ №110.",9,4,closed,2026-03-15 07:35:00,17,8
50,"Закажите твердосплавные пластины токарных работ.",4,4,escalated,2026-05-14 12:20:00,17,7
51,"Оформление допуска высотным работам №103.",5,3,assigned,2026-04-03 16:35:00,16,8
52,"Отсутствует освещение в зоне №512.",2,2,resolved,2026-03-31 12:40:00,17,14
53,"Пора менять подшипников на станке 40×14 мм.",1,3,assigned,2026-05-02 09:25:00,1,6
54,"Отсутствует освещение в зоне №673.",2,1,assigned,2026-05-11 14:25:00,7,18
55,"Замена фильтров вентиляционной системе №654.",9,2,escalated,2026-03-19 09:20:00,6,12
56,"Сбой панели управления линии №65.",1,2,resolved,2026-03-09 13:20:00,5,8
57,"Проверить заземление оборудования №752.",2,2,assigned,2026-04-05 10:50:00,11,17
58,"Отключился электрощит сборочном в цехе обесточена линия сборки.",2,2,resolved,2026-04-14 09:25:00,12,8
59,"Сломался фрезерный станок №251.",1,2,closed,2026-05-05 16:25:00,1,16
60,"Неисправность датчика давления на прессе №463.",1,1,in_progress,2026-03-25 08:20:00,9,15
61,"Вибрация работе штамповочного пресса №835.",1,1,closed,2026-05-13 14:35:00,5,8
62,"Посторонний шум в редукторе конвейера №20.",1,5,escalated,2026-03-17 15:25:00,4,9
63,"Сбой панели управления линии №323.",1,4,in_progress,2026-05-07 12:45:00,6,20
64,"Нужен плановый ремонт производственной линии.",9,1,new,2026-05-11 08:00:00,19,15
65,"Оформление допуска высотным работам №927.",5,2,new,2026-03-14 08:45:00,4,5
66,"Посторонний шум в редукторе конвейера №941.",1,3,in_progress,2026-05-03 07:15:00,4,20
67,"Перегрев двигателя вытяжки в цехе №647.",1,5,assigned,2026-03-21 12:10:00,17,7
68,"Оформление допуска высотным работам №981.",5,5,new,2026-04-21 07:10:00,20,1
69,"Посторонний шум в редукторе конвейера №824.",1,4,escalated,2026-03-28 14:00:00,17,18
70,"Провести внеплановый инструктаж технике безопасности.",5,1,escalated,2026-04-13 09:20:00,7,10
71,"Возникла утечка технической жидкости.",8,4,new,2026-03-21 16:20:00,12,11
72,"Сбой панели управления линии №623.",1,3,assigned,2026-03-03 07:20:00,11,9
73,"Замена подшипников главного привода №34.",1,1,assigned,2026-04-19 10:20:00,9,1
74,"Не реагирует панель управления станком.",1,3,assigned,2026-05-12 09:00:00,18,1
75,"Сломался фрезерный станок №101.",1,1,assigned,2026-04-16 10:20:00,7,14
76,"Закончились резцы токарного станка №956.",4,1,in_progress,2026-03-29 09:30:00,12,10
77,"Сломалась кран балка №865.",1,2,assigned,2026-04-16 14:20:00,14,5
78,"Пора менять масла ЧПУ №28.",9,2,assigned,2026-04-21 10:15:00,18,7
79,"Короткое замыкание в сварочном аппарате №645.",2,2,in_progress,2026-05-10 11:45:00,15,9
80,"Восстановление чертежей детали №654.",11,1,new,2026-04-25 13:25:00,2,20
81,"Сбой панели управления линии №511.",1,3,resolved,2026-03-16 07:00:00,8,11
82,"Обучение нового сотрудника участке №95.",10,2,resolved,2026-03-08 16:45:00,3,1
83,"Протечка сож на станке №100.",8,4,closed,2026-04-11 12:45:00,17,3
84,"Нужна калибровка измерительного инструмента №934.",9,3,new,2026-04-06 11:05:00,1,18
85,"Замена фильтров вентиляционной системе №662.",9,5,escalated,2026-04-04 16:45:00,16,10
86,"Сломался фрезерный станок №352.",1,4,resolved,2026-05-10 15:20:00,10,13
87,"Замена подшипников главного привода №635.",1,5,assigned,2026-04-05 07:40:00,1,12
88,"Ошибка позиционирования шпинделя станка №788.",1,5,closed,2026-05-13 16:25:00,15,7
89,"Обучение нового сотрудника участке №853.",10,3,closed,2026-04-30 15:00:00,20,15
90,"Короткое замыкание в сварочном аппарате №947.",2,1,escalated,2026-04-21 16:50:00,16,8
91,"Протечка сож на станке №699.",8,1,in_progress,2026-05-09 11:00:00,12,4
92,"Не включается монитор в диспетчерской №239.",13,4,in_progress,2026-04-19 14:40:00,20,4
93,"Перегрев двигателя вытяжки в цехе №581.",1,4,closed,2026-05-04 11:05:00,17,4
94,"Сбой панели управления линии №511.",1,3,resolved,2026-03-28 13:00:00,8,16
95,"Брак партии деталей №704.",3,4,escalated,2026-04-30 13:50:00,9,6
96,"Восстановление чертежей детали №127.",11,2,resolved,2026-04-02 12:45:00,2,16
97,"Замена фильтров вентиляционной системе №715.",9,5,new,2026-03-29 09:35:00,9,20
98,"Короткое замыкание в сварочном аппарате №546.",2,2,in_progress,2026-04-29 15:05:00,13,17
99,"Восстановление чертежей детали №820.",11,2,assigned,2026-03-22 10:30:00,16,17
100,"Пора менять масла ЧПУ №72.",9,5,resolved,2026-03-27 08:50:00,5,18
101,"Проверить заземление оборудования №742.",2,3,assigned,2026-04-22 13:15:00,16,2
102,"Отсутствует освещение в зоне №171.",2,5,new,2026-03-17 10:30:00,10,16
103,"Восстановление чертежей детали №359.",11,3,resolved,2026-03-14 15:25:00,12,18
104,"Брак партии деталей №716.",3,2,assigned,2026-05-01 07:00:00,16,9
105,"Нужна калибровка измерительного инструмента №635.",9,1,in_progress,2026-05-08 07:35:00,14,15
106,"Неисправность датчика давления на прессе №546.",1,5,resolved,2026-03-20 16:55:00,3,14
107,"Посторонний шум в редукторе конвейера №332.",1,5,new,2026-03-16 14:35:00,10,11
108,"Сломалась кран балка №931.",1,5,escalated,2026-04-23 09:45:00,19,13
109,"Перегрев двигателя вытяжки в цехе №415.",1,5,new,2026-04-13 16:25:00,2,7
110,"Проверить заземление оборудования №286.",2,5,resolved,2026-04-29 09:45:00,9,7
111,"Нужна сварочная проволока №496 №862 мм сборочного цеха.",4,5,assigned,2026-03-27 14:20:00,9,4
112,"В распределительном щите №245 искрит.",2,3,new,2026-04-11 13:55:00,9,14
113,"Брак партии деталей №602.",3,1,assigned,2026-04-11 16:30:00,9,10
114,"Посторонний шум в редукторе конвейера №705.",1,2,assigned,2026-03-10 13:25:00,11,10
115,"Короткое замыкание в сварочном аппарате №508.",2,2,closed,2026-03-12 13:55:00,17,8
116,"Не включается монитор в диспетчерской №412.",13,5,closed,2026-03-28 13:10:00,7,10
117,"Протечка сож на станке №407.",8,2,new,2026-05-04 12:05:00,20,12
118,"Закончились резцы токарного станка №109.",4,4,assigned,2026-03-03 12:30:00,6,15
119,"Короткое замыкание в сварочном аппарате №872.",2,2,escalated,2026-04-21 13:05:00,4,18
120,"Восстановление чертежей детали №664.",11,3,new,2026-05-02 16:10:00,6,15
121,"Закупить новую партию фрез механического цеха.",4,3,assigned,2026-04-01 13:10:00,6,10
122,"Замена фильтров вентиляционной системе №472.",9,4,assigned,2026-04-16 13:55:00,13,16
123,"Сбой панели управления линии №886.",1,3,assigned,2026-03-31 11:30:00,2,20
124,"Закончились резцы токарного станка №944.",4,4,new,2026-04-13 11:20:00,14,1
125,"Оформление допуска высотным работам №686.",5,5,escalated,2026-03-17 12:40:00,20,4
126,"Отсутствует освещение в зоне №137.",2,2,new,2026-05-05 13:25:00,6,5
127,"Перегрев двигателя вытяжки в цехе №684.",1,3,in_progress,2026-03-26 10:00:00,11,1
128,"Закончились резцы токарного станка №878.",4,2,new,2026-03-13 11:15:00,20,6
129,"Пресс гидравлический пг №911 перестал набирать давление.",1,2,in_progress,2026-05-04 15:40:00,18,4
130,"Посторонний шум в редукторе конвейера №607.",1,1,assigned,2026-05-08 09:25:00,7,5
131,"Короткое замыкание в сварочном аппарате №890.",2,3,escalated,2026-04-26 16:10:00,9,10
132,"Нужна калибровка измерительного инструмента №280.",9,5,new,2026-04-24 07:45:00,5,18
133,"Механическом в цехе №930 моргает освещение возможно скачки напряжения.",2,2,escalated,2026-04-10 15:15:00,11,17
134,"В распределительном щите №702 искрит.",2,4,resolved,2026-03-14 16:35:00,4,11
135,"Перегрев двигателя вытяжки в цехе №148.",1,3,assigned,2026-03-04 07:45:00,5,4
136,"Замена подшипников главного привода №132.",1,5,new,2026-04-16 16:30:00,12,19
137,"Оформление допуска высотным работам №636.",5,3,resolved,2026-04-23 10:20:00,19,5
138,"Проверить заземление оборудования №795.",2,1,escalated,2026-04-28 14:25:00,5,18
139,"Замена подшипников главного привода №346.",1,1,new,2026-05-11 16:20:00,17,15
140,"Восстановление чертежей детали №456.",11,5,escalated,2026-03-04 08:40:00,6,2
141,"Протечка сож на станке №990.",8,3,in_progress,2026-04-03 16:10:00,7,18
142,"Восстановление чертежей детали №345.",11,3,closed,2026-04-21 13:30:00,6,16
143,"Замена подшипников главного привода №670.",1,1,assigned,2026-04-10 13:55:00,11,14
144,"В распределительном щите №955 искрит.",2,5,resolved,2026-03-14 10:00:00,10,7
145,"Восстановление чертежей детали №872.",11,2,in_progress,2026-04-21 16:05:00,3,5
146,"Произошел критический сбой работе системы.",7,4,new,2026-03-02 15:05:00,3,17
147,"Произошла непредвиденная поломка станка.",1,4,new,2026-03-13 11:50:00,11,2
148,"Не включается монитор в диспетчерской №417.",13,3,escalated,2026-03-20 10:00:00,2,19
149,"Нужна диагностика неисправности узла.",1,1,closed,2026-04-18 12:35:00,10,8
150,"Вибрация работе штамповочного пресса №867.",1,3,new,2026-04-06 16:45:00,16,17
151,"Нужна диагностика компрессора №484.",1,5,new,2026-04-06 15:15:00,12,6
152,"Прием работу нового инженера технолога.",6,1,escalated,2026-05-01 11:40:00,5,16
153,"Посторонний шум в редукторе конвейера №703.",1,1,resolved,2026-04-21 07:45:00,15,11
154,"Не включается монитор в диспетчерской №572.",13,1,assigned,2026-04-06 12:25:00,6,17
155,"Оборудование требует немедленного обслуживания.",1,1,closed,2026-05-13 09:55:00,9,16
156,"Провести проверку электробезопасности цехах.",2,3,in_progress,2026-05-11 15:45:00,6,1
157,"Нужна калибровка измерительного инструмента №99.",9,2,assigned,2026-03-17 10:55:00,10,4
158,"Сломалась кран балка №147.",1,5,escalated,2026-03-04 08:30:00,2,11
159,"Восстановление чертежей детали №52.",11,3,closed,2026-05-10 07:05:00,17,10
160,"Приобрести новый компрессор взамен вышедшего строя.",4,3,in_progress,2026-03-21 15:00:00,11,12
161,"Сломалась кран балка №979.",1,1,closed,2026-03-16 10:00:00,13,18
162,"Сломался фрезерный станок №941.",1,5,resolved,2026-03-27 08:55:00,19,8
163,"Оборудование издает посторонний звук работе.",1,5,resolved,2026-05-09 09:10:00,12,6
164,"Короткое замыкание в сварочном аппарате №695.",2,2,in_progress,2026-04-27 15:25:00,5,1
165,"Закончились резцы токарного станка №519.",4,4,assigned,2026-05-10 13:45:00,20,16
166,"Произошла полная остановка конвейерной линии.",12,4,escalated,2026-03-09 09:45:00,13,20
167,"Сбой панели управления линии №584.",1,4,closed,2026-04-05 12:30:00,9,3
168,"Протечка сож на станке №577.",8,1,closed,2026-04-11 08:10:00,18,11
169,"Пора менять масла ЧПУ №210.",9,2,in_progress,2026-04-08 07:15:00,2,12
170,"Сбой панели управления линии №880.",1,5,new,2026-04-07 14:40:00,16,10
171,"Неисправность датчика давления на прессе №204.",1,3,new,2026-03-01 15:50:00,6,15
172,"Закончилась сталь №957х диаметром №872мм механического цеха №168.",4,3,closed,2026-05-01 16:35:00,5,18
173,"Отсутствует подача электроэнергии в цехе.",2,4,closed,2026-03-13 11:40:00,2,4
174,"Не включается монитор в диспетчерской №209.",13,1,new,2026-04-04 10:50:00,11,18
175,"Не включается монитор в диспетчерской №280.",13,2,assigned,2026-05-07 09:50:00,20,14
176,"Протечка сож на станке №146.",8,2,resolved,2026-05-04 13:10:00,1,8
177,"Протечка сож на станке №731.",8,3,resolved,2026-04-18 09:50:00,16,17
178,"Протечка сож на станке №873.",8,2,closed,2026-04-04 09:05:00,17,8
179,"Не включается монитор в диспетчерской №347.",13,3,in_progress,2026-05-01 15:55:00,3,14
180,"Обучение нового сотрудника участке №534.",10,3,new,2026-03-20 07:15:00,7,17
181,"Неисправность датчика давления на прессе №311.",1,2,new,2026-04-14 12:50:00,14,20
182,"Закончились резцы токарного станка №856.",4,3,assigned,2026-04-03 10:35:00,15,11
183,"Обучение нового сотрудника участке №858.",10,1,closed,2026-04-06 14:40:00,14,19
184,"Неисправность датчика давления на прессе №774.",1,3,in_progress,2026-03-15 12:55:00,14,15
185,"Посторонний шум в редукторе конвейера №895.",1,2,in_progress,2026-05-11 15:55:00,14,15
186,"Восстановление чертежей детали №105.",11,2,escalated,2026-03-02 15:15:00,19,2
187,"Токарный станок st №969 требует замены резцедержателя.",1,3,in_progress,2026-03-05 13:50:00,6,12
188,"Брак партии деталей №651.",3,3,assigned,2026-04-14 14:25:00,4,2
189,"Замена подшипников главного привода №26.",1,5,closed,2026-03-11 12:20:00,19,2
190,"Оформление допуска высотным работам №755.",5,4,closed,2026-03-28 08:45:00,1,3
191,"Отсутствует освещение в зоне №697.",2,1,new,2026-03-31 07:05:00,4,10
192,"Закончились резцы токарного станка №183.",4,2,new,2026-04-09 09:15:00,1,6
193,"Оформление отпуска сотрудника петрова.",6,1,assigned,2026-03-14 12:15:00,6,15
194,"Перегрев двигателя вытяжки в цехе №608.",1,2,closed,2026-03-22 16:30:00,1,5
195,"Проверить заземление оборудования №984.",2,5,closed,2026-04-17 09:55:00,2,10
196,"Нужна калибровка измерительного инструмента №268.",9,2,escalated,2026-03-15 15:20:00,8,6
197,"В распределительном щите №337 искрит.",2,5,closed,2026-05-13 12:30:00,12,1
198,"Закончились резцы токарного станка №895.",4,5,assigned,2026-03-26 08:30:00,16,18
199,"Зависает корпоративная почта outlook у сотрудника №772.",13,3,resolved,2026-03-09 11:55:00,13,11
200,"Не подключается ноутбук №635 к корпоративной сети.",13,1,closed,2026-05-06 11:40:00,16,5
201,"Зависает 1с при формировании отчета.",13,4,new,2026-04-18 08:40:00,7,4
202,"Колонки рабочей станции №244 не воспроизводят звук.",13,5,assigned,2026-05-12 09:45:00,6,12
203,"Не работает сканер отпечатка пальца на входе №299.",13,1,in_progress,2026-05-05 16:10:00,4,12
204,"Монитор №104 рабочем месте №235 мигает полосы экране.",13,1,closed,2026-05-10 07:35:00,15,13
205,"Пора менять картриджа принтера №96.",13,2,new,2026-03-10 13:45:00,20,3
206,"Сломалась мышь №996 рабочем месте пора менять.",13,1,new,2026-04-06 14:45:00,11,19
207,"Не работает веб камера в переговорной №749.",13,3,new,2026-03-19 10:00:00,17,10
208,"Зарядное устройство ноутбука №931 перестало работать.",13,2,closed,2026-03-12 13:35:00,13,1
209,"Надо настройка нового ноутбука сотрудника.",13,5,in_progress,2026-04-25 14:50:00,14,15
210,"Нужна замена блока питания системного блока №319.",13,3,assigned,2026-03-07 15:45:00,1,16
211,"Зависает корпоративный мессенджер teams у отдела №33.",13,2,closed,2026-03-12 07:15:00,12,20
212,"IP-телефон №607 не выходит на внешнюю линию.",13,4,in_progress,2026-03-03 08:00:00,5,14
213,"Не воспроизводится звук на рабочей станции №409.",13,5,new,2026-05-14 14:00:00,5,3
214,"Не работает №94ю порт на системном блоке №377.",13,5,in_progress,2026-03-05 09:00:00,4,3
215,"Завис компьютер бухгалтера не реагирует на клавиатуру.",13,3,escalated,2026-05-10 07:10:00,3,15
216,"Принтер №401 выдает ошибку замятие бумаги не устраняется.",13,5,resolved,2026-03-12 08:10:00,2,4
217,"Не отправляются факсы с аппарата №323 на этаже №837.",13,1,resolved,2026-04-12 16:55:00,9,19
218,"Сломался сканер отделе кадров №697.",13,5,assigned,2026-04-16 08:25:00,19,18
219,"Экран монитора №767 не реагирует на прикосновения.",13,4,in_progress,2026-04-06 08:15:00,10,16
220,"Пора апгрейд оперативной памяти на пк №916.",13,5,new,2026-04-02 15:15:00,19,16
221,"Уборщица не вышла смену №353 этаж не убран.",14,3,escalated,2026-05-02 14:15:00,9,12
222,"Желательно дератизация складского помещения №524.",14,5,in_progress,2026-03-12 10:45:00,17,13
223,"Лужа воды у кулера №727 на этаже нужно убрать.",14,3,closed,2026-04-10 14:15:00,6,7
224,"Не убраны картонные коробки складе мешают проходу.",14,5,new,2026-04-14 15:50:00,1,5
225,"Мусорный контейнер у входа №198 переполнен.",14,3,new,2026-03-02 08:15:00,12,3
226,"Не убраны остатки еды на кухне №840 этажа.",14,2,resolved,2026-03-23 09:25:00,12,17
227,"Не работает освежитель воздуха в туалете №906 этажа.",14,1,assigned,2026-03-04 10:40:00,15,7
228,"Неприятный запах в серверной комнате №645 проверьте, пожалуйста.",14,1,escalated,2026-04-23 12:30:00,10,15
229,"Грязные жалюзи в кабинете №691 нужно почистить.",14,1,in_progress,2026-03-18 10:35:00,1,5
230,"Нужно почистить ковра зоне ресепшн после мероприятия.",14,1,escalated,2026-03-07 11:40:00,18,11
231,"Не работает вентиляция в туалете №194 на этаже.",14,2,escalated,2026-03-13 12:40:00,2,19
232,"Нужно помыть окон в офисе №843 квартал.",14,5,closed,2026-03-10 13:35:00,14,8
233,"Желательно генеральная уборка архивного помещения №354.",14,4,closed,2026-04-28 12:05:00,15,3
234,"Засорилась раковина в туалете №792 на этаже.",14,5,escalated,2026-04-03 07:15:00,11,12
235,"Плесень обнаружена стене санузла №83 этажа нужно обработать.",14,1,assigned,2026-04-30 16:25:00,15,9
236,"Хотелось бы внеплановая уборка склада №374.",14,2,assigned,2026-04-16 08:55:00,14,19
237,"Закончилось мыло диспенсере туалета №649 этажа.",14,2,escalated,2026-04-02 11:15:00,5,1
238,"Кухонная раковина №726 этажа засорена вода не уходит.",14,3,assigned,2026-03-09 08:25:00,6,15
239,"Мусорные корзины №924 на этаже переполнены не вывозятся.",14,2,assigned,2026-03-04 11:20:00,6,12
240,"Разлита жидкость в коридоре №890 на этаже скользко опасно.",14,1,closed,2026-03-14 10:25:00,16,10
241,"Сломан мусоропровод на этаже №124 мусор не вывозится.",14,3,assigned,2026-05-09 08:30:00,3,15
242,"Грязный ковролин в переговорной №225 хотелось бы химчистка.",14,1,resolved,2026-04-07 10:10:00,13,9
243,"Обнаружен оборванный провод участке №543 опасно.",2,3,resolved,2026-04-17 15:40:00,16,5
244,"Нет напряжения на участке №464.",2,2,closed,2026-04-09 14:45:00,3,16
245,"Не включается освещение склада №112.",2,2,assigned,2026-04-19 09:55:00,13,16
246,"Нет заземления оборудования участка №515.",2,1,closed,2026-03-31 11:40:00,8,3
247,"Не включается дежурное освещение на этаже №923.",2,1,new,2026-04-06 09:35:00,6,5
248,"Мигает освещение в офисе №450 на этаже скачки напряжения.",2,5,new,2026-04-12 15:25:00,10,16
249,"Не горят светильники зоне хранения №529.",2,2,closed,2026-04-01 15:50:00,11,1
250,"Сгорел предохранитель панели управления №754.",2,3,closed,2026-04-12 16:15:00,20,14
251,"Выбивает автомат при включении станка №795.",2,4,assigned,2026-03-17 10:50:00,17,7
252,"Выбило пробки щитке участка №706.",2,1,in_progress,2026-03-23 08:30:00,3,11
253,"Трансформатор №597 издает гудение проверьте, пожалуйста.",2,3,resolved,2026-04-22 14:50:00,18,9
254,"Искрит розетка в серверной комнате №202.",2,5,escalated,2026-03-13 15:10:00,15,10
255,"Пропало напряжение половине офиса №46 этажа.",2,4,resolved,2026-04-20 13:15:00,12,7
256,"Потемнел выключатель в кабинете №948 возможно оплавление.",2,4,assigned,2026-04-03 15:55:00,17,12
257,"Вышел строя светодиодный светильник №128 в офисе №96.",2,5,closed,2026-03-18 08:55:00,19,13
258,"Перегрев электрощита №465 проверьте, пожалуйста.",2,2,assigned,2026-03-12 15:50:00,11,18
259,"Не работает розеточная группа в переговорной №905.",2,2,escalated,2026-05-12 07:35:00,11,1
260,"Мигает свет в коридоре №290 на этаже.",2,1,in_progress,2026-04-11 15:10:00,13,16
261,"Неисправна проводка в кабинете №234 проверьте, пожалуйста.",2,2,closed,2026-04-28 15:50:00,17,2
262,"Короткое замыкание удлинителе №90 в офисе №519.",2,5,resolved,2026-04-22 16:35:00,15,4
263,"Не работает розетка рабочем месте №450.",2,5,new,2026-04-29 10:40:00,9,11
264,"Не работает аварийный выключатель линии №991.",2,1,assigned,2026-04-27 15:30:00,9,15
265,"Пора менять кабеля питания конвейера №765.",2,2,new,2026-04-02 10:25:00,12,3
266,"Отклонение плоскостности плиты №403 от нормативного значения.",3,2,closed,2026-04-11 07:55:00,2,3
267,"Неправильный цвет окраски изделий партии №25.",3,4,new,2026-03-24 11:40:00,8,17
268,"Несоответствие размеров вала техническому заданию №258.",3,3,assigned,2026-05-12 14:25:00,3,19
269,"Несоответствие диаметра отверстий корпуса №430 чертежу.",3,4,new,2026-03-16 15:10:00,11,7
270,"Несоответствие упаковки изделий требованиям партия №58.",3,4,assigned,2026-04-21 07:40:00,10,4
271,"Поломка зубьев шестерни изделие №176 дефект изготовления.",3,5,escalated,2026-05-09 15:25:00,5,6
272,"Обнаружен дефект лакокрасочного покрытия партии №112.",3,1,resolved,2026-04-19 15:55:00,18,10
273,"Выявлены дефекты механической обработки вала №602.",3,5,new,2026-04-27 15:45:00,14,9
274,"Выявлен брак резьбы на деталях партии №226.",3,2,in_progress,2026-04-30 15:05:00,18,2
275,"Выявлена утечка прокладок изделиях партии №67.",3,2,resolved,2026-03-15 11:35:00,12,7
276,"Партия №53 литья имеет раковины нужна разбраковка.",3,5,assigned,2026-04-27 16:15:00,3,13
277,"Обнаружен облом сверла внутри детали №985.",3,5,in_progress,2026-04-06 13:50:00,2,16
278,"Дефект поверхности хромирования деталей партии №754.",3,3,resolved,2026-03-13 15:00:00,1,8
279,"Выявлена разнотолщинность листового проката партии №889.",3,2,in_progress,2026-03-17 14:15:00,19,12
280,"Несоответствие параметров уплотнения №49 требованиям.",3,3,new,2026-03-28 08:20:00,9,7
281,"Несоответствие посадки подшипника изделии №796 норме.",3,2,closed,2026-04-30 12:50:00,11,3
282,"Несоответствие маркировки тары упаковки партии №63.",3,2,escalated,2026-04-25 11:20:00,12,16
283,"Отклонение межосевого расстояния редуктора №998 от нормы.",3,2,new,2026-04-01 07:25:00,2,10
284,"Деформация корпуса редуктора №551 при сборке брак.",3,3,closed,2026-03-23 13:10:00,3,7
285,"Несоответствие биения вала №595 требованиям чертежа.",3,1,in_progress,2026-04-28 12:45:00,14,12
286,"Выявлен брак полимерного покрытия деталей партии №336.",3,2,closed,2026-04-28 08:20:00,17,16
287,"Несоответствие давления настройки клапана №921 паспорту.",3,2,resolved,2026-04-06 10:00:00,10,11
288,"Выявлен брак покраски корпусов партии №820.",3,1,assigned,2026-04-30 16:50:00,15,8
289,"Деформация фланца изделии №663 пора менять.",3,3,assigned,2026-05-02 14:10:00,17,10
290,"Несоответствие прочности на разрыв материала партии №262.",3,1,in_progress,2026-04-12 09:15:00,11,4
291,"Выявлен брак литья алюминия партия №705 раковины.",3,4,closed,2026-03-24 12:45:00,1,11
292,"Выявлена неоднородность структуры материала партии №351.",3,5,closed,2026-05-01 12:05:00,9,6
293,"Обнаружены трещины корпусных деталях партии №530.",3,3,resolved,2026-04-06 12:25:00,4,19
294,"Деформация корпуса изделий партии №634 при сборке.",3,5,new,2026-03-06 09:00:00,2,15
295,"Неравномерность нанесения краски изделиях партии №36.",3,4,closed,2026-04-22 10:30:00,6,4
296,"Отклонение массы изделий партии №50 от нормы.",3,2,assigned,2026-03-11 16:25:00,2,1
297,"Отклонение по твердости зубьев шестерни №24.",3,2,escalated,2026-03-24 16:30:00,6,7
298,"Несоответствие шероховатости поверхности №607 требованиям.",3,3,closed,2026-05-08 08:50:00,3,1
299,"Обнаружена раковина в центре отливки №221 брак.",3,1,in_progress,2026-04-04 14:05:00,9,10
300,"Несоответствие кромки реза заготовок партии №802.",3,3,new,2026-05-12 07:20:00,3,4
301,"Выявлен брак пайки платы №944 стоит переделка.",3,1,in_progress,2026-04-16 07:05:00,1,18
302,"Несоответствие параметров фильтра №889 номиналу.",3,3,assigned,2026-03-21 11:10:00,6,4
303,"Выявлен брак сварного шва изделии №596.",3,4,resolved,2026-04-01 11:45:00,11,14
304,"Обнаружен дефект покрытия труб партии №814.",3,1,closed,2026-04-28 09:40:00,15,9
305,"Выявлен брак нарезки резьбы метчиком партия №86.",3,4,escalated,2026-05-05 12:10:00,17,10
306,"Обнаружены включения шлака сварном шве изделии №614.",3,3,new,2026-03-04 11:55:00,3,2
307,"Выявлена некондиция №482 процентов изделий партии №432.",3,5,assigned,2026-04-18 09:50:00,3,18
308,"Несоответствие суммарного зазора сборке №901 чертежу.",3,3,new,2026-04-27 16:00:00,18,1
309,"Отклонение по твердости деталей партии №369.",3,3,new,2026-04-11 12:10:00,18,16
310,"Выявлен брак при сборке редуктора №465.",3,3,assigned,2026-03-12 15:20:00,6,11
311,"Выявлена деформация резьбы болтов партии №741.",3,4,closed,2026-03-02 14:55:00,12,2
312,"Несоответствие балансировки ротора №305 требованиям.",3,3,escalated,2026-04-23 15:05:00,7,13
313,"Выявлен брак гибки труб партии №617.",3,3,escalated,2026-03-09 08:40:00,10,11
314,"Несоответствие длины кабеля №914 номинальному значению.",3,5,new,2026-04-14 10:10:00,6,12
315,"Несоответствие геометрии профиля проката партии №943.",3,4,assigned,2026-04-28 10:55:00,13,11
316,"Несоответствие характеристик электродвигателя №645 паспорту.",3,2,escalated,2026-04-02 09:20:00,15,10
317,"Несоответствие покрытия деталей стандарту №335.",3,2,closed,2026-04-18 08:25:00,9,1
318,"Выявлен брак термообработки деталей партии №506.",3,4,assigned,2026-05-04 09:30:00,3,9
319,"Несоответствие веса отливок партии №661 норме.",3,1,new,2026-03-27 16:20:00,2,3
320,"Обнаружен облой на литых деталях партии №743.",3,1,new,2026-03-05 10:20:00,16,6
321,"Несоответствие кривизны вала №385 допустимым значениям.",3,3,assigned,2026-04-29 09:25:00,16,15
322,"Несоответствие цвета маркировки проводов партии №500.",3,1,new,2026-03-20 08:10:00,2,3
323,"Царапины на поверхности готовых изделий партии №450.",3,3,in_progress,2026-05-14 11:05:00,9,16
324,"Необходима партия труб диаметром №807 мм.",4,2,resolved,2026-05-13 15:00:00,19,5
325,"Нет чистящих средств для оборудования цеха №304.",4,1,resolved,2026-03-06 09:15:00,18,19
326,"Нет герметика для сборки узлов линии №639.",4,1,closed,2026-03-24 12:45:00,12,10
327,"Необходима поставка графитовых смазок для узлов №538.",4,3,closed,2026-04-01 11:05:00,13,20
328,"Закончились насадки для дрели №40 типоразмер.",4,3,assigned,2026-03-15 12:05:00,15,10
329,"Закончились фрезы концевые диаметром №853 мм.",4,1,assigned,2026-04-02 14:40:00,1,15
330,"Стоит партия электродов для сварки №974.",4,4,closed,2026-05-10 16:55:00,2,11
331,"Стоит поставка подшипников №681 для ремонта.",4,2,assigned,2026-03-29 16:35:00,5,3
332,"Нет бумажных полотенец технических для уборки масла.",4,5,resolved,2026-04-17 08:20:00,1,2
333,"Нет кислоты для травления деталей партии №361.",4,3,resolved,2026-03-22 09:50:00,15,13
334,"Хотелось бы поставка медной шины для электромонтажа.",4,1,escalated,2026-04-29 16:10:00,17,13
335,"Закончились перчатки для рабочих цеха №99.",4,2,new,2026-04-26 09:10:00,4,15
336,"Нет проволоки для вязки арматуры строительство №157.",4,5,in_progress,2026-04-13 11:50:00,6,14
337,"Пополните запас бумаги для документации.",4,1,assigned,2026-03-01 07:25:00,13,14
338,"Нет смазочных материалов для станков цеха №287.",4,5,escalated,2026-03-01 15:55:00,16,18
339,"Закажите клей для ремонта конвейера №328.",4,4,closed,2026-05-06 14:05:00,17,1
340,"Необходима поставка латексных перчаток для лаборатории.",4,3,assigned,2026-04-14 10:10:00,6,13
341,"Надо поставка фильтрующих элементов №299.",4,4,escalated,2026-05-12 11:50:00,10,15
342,"Нет клеммников для электромонтажа щитка №729.",4,2,in_progress,2026-05-01 09:45:00,11,8
343,"Нужна заказать пружины для узлов станка №512.",4,3,closed,2026-05-13 15:50:00,2,11
344,"Желательно заказать листовой металл для изготовления №823.",4,2,new,2026-03-04 10:15:00,6,9
345,"Закончились абразивные лепестки для шлифовки №33.",4,2,in_progress,2026-03-28 16:10:00,7,14
346,"Нет рабочей жидкости для гидравлического пресса №838.",4,2,escalated,2026-04-01 09:25:00,18,16
347,"Нужен поставка газовых баллонов для сварки.",4,2,resolved,2026-04-07 08:05:00,3,19
348,"Закончилось охлаждающее масло для токарных станков.",4,1,assigned,2026-04-01 11:40:00,8,3
349,"Закончились сверла диаметром №248 мм участке №826.",4,3,in_progress,2026-04-20 11:15:00,8,13
350,"Закончились хомуты для крепления трубопроводов №158.",4,1,escalated,2026-03-02 14:00:00,8,19
351,"Нет паяльного флюса для ремонта плат цеха №26.",4,4,new,2026-04-27 16:30:00,7,14
352,"Закончилась лента фум для монтажа трубопроводов.",4,2,escalated,2026-05-09 07:00:00,10,3
353,"Закончились маркеры для маркировки кабелей №523.",4,2,escalated,2026-04-30 10:25:00,13,4
354,"Стоит поставка ремней привода для станков №601.",4,1,assigned,2026-04-01 11:25:00,8,15
355,"Хотелось бы заказать алмазные круги для резки №942.",4,5,escalated,2026-05-11 12:50:00,12,15
356,"Закончились изолента и кабельные стяжки на складе.",4,1,new,2026-04-06 09:10:00,11,16
357,"Необходима поставка крепежа болты м №103.",4,1,new,2026-03-17 15:35:00,1,5
358,"Нет деревянных поддонов для хранения деталей склад.",4,5,assigned,2026-03-02 09:25:00,6,15
359,"Хотелось бы поставка шлифовальных кругов №256.",4,4,resolved,2026-04-07 11:05:00,1,14
360,"Закончились дюбели и анкеры для монтажа оборудования.",4,2,in_progress,2026-04-02 13:30:00,20,9
361,"Закончилась краска для маркировки деталей.",4,2,closed,2026-03-15 11:15:00,17,11
362,"Закончилась наждачная бумага зернистость №713.",4,4,assigned,2026-03-06 10:10:00,9,11
363,"Отсутствуют прокладки для насосов склад пуст.",4,4,in_progress,2026-03-29 09:35:00,10,14
364,"Пополните запас воздушных фильтров №135.",4,1,in_progress,2026-03-12 11:55:00,5,8
365,"Закончились резиновые коврики у станков цеха №928.",4,2,in_progress,2026-04-29 07:05:00,13,15
366,"Стоит заказать прокладки паронит для фланцев №994.",4,4,resolved,2026-04-05 08:40:00,11,14
367,"Закончилось масло для гидравлики пресса №563.",4,3,closed,2026-05-09 15:50:00,13,1
368,"Нет упаковочных материалов для готовой продукции.",4,1,resolved,2026-04-16 14:55:00,2,12
369,"Необходима поставка виброгасящих прокладок №440.",4,2,escalated,2026-04-05 10:30:00,4,12
370,"Надо поставка нержавеющих хомутов №852 дюйм.",4,4,new,2026-03-17 12:00:00,20,11
371,"Нет изоляционных колпачков для клемм щитка №207.",4,4,in_progress,2026-03-03 09:45:00,5,18
372,"Надо заказать катанку №541 для производства.",4,1,resolved,2026-04-10 10:20:00,11,17
373,"Закончились защитные очки для рабочих цеха №690.",4,3,resolved,2026-05-05 14:25:00,16,17
374,"Закончились термоусадочные трубки для изоляции №109.",4,4,escalated,2026-04-25 15:45:00,9,5
375,"Нет клеящей ленты для упаковки изделий склада №485.",4,3,in_progress,2026-04-09 14:40:00,15,12
376,"Надо установить перила лестнице участка №467.",5,3,resolved,2026-05-14 15:35:00,9,13
377,"Не обеспечены работники специальным питанием вредные условия №939.",5,5,assigned,2026-04-07 13:10:00,3,1
378,"Отсутствуют знаки безопасности на электрощитах №14.",5,4,closed,2026-05-13 14:40:00,8,4
379,"Сотрудник №513 получил травму нужно оформление документов.",5,3,escalated,2026-04-30 14:55:00,8,3
380,"Стоит оформить акт расследования несчастного случая №930.",5,4,closed,2026-04-05 15:05:00,11,12
381,"Превышение уровня шума на рабочем месте №787.",5,1,assigned,2026-05-14 15:00:00,12,7
382,"Не работает система вентиляции в зоне сварки №95.",5,2,in_progress,2026-03-30 11:50:00,1,18
383,"Не соблюдаются нормы температуры воздуха рабочем месте №248.",5,1,in_progress,2026-04-07 15:15:00,2,20
384,"Нарушение правил транспортировки баллонов со сжатым газом.",5,3,resolved,2026-04-17 13:05:00,3,12
385,"Хотелось бы обновить инструкции по охране труда №247.",5,1,new,2026-04-08 08:20:00,4,14
386,"Отсутствует сигнализация превышения температуры зоны №949.",5,3,escalated,2026-03-09 07:05:00,18,9
387,"Нарушение регламента работ в замкнутых пространствах №382.",5,3,new,2026-03-23 09:30:00,6,7
388,"Нарушение правил безопасной эксплуатации котлов №859.",5,4,closed,2026-04-30 09:35:00,18,4
389,"Нарушение при работе с грузами вручную зона №763.",5,1,new,2026-04-14 12:40:00,12,14
390,"Нарушение правил безопасности при химической обработке №185.",5,4,closed,2026-05-01 07:20:00,11,6
391,"Не выданы средства защиты органов слуха рабочим №552.",5,1,new,2026-04-16 13:50:00,3,8
392,"Нарушение правил безопасного подъема по лестнице №439.",5,5,in_progress,2026-03-15 16:00:00,13,2
393,"Отсутствуют средства индивидуальной защиты рабочих №750 участка.",5,2,in_progress,2026-04-22 13:15:00,14,6
394,"Желательно провести расследование микроповреждения сотрудника №122.",5,2,closed,2026-04-09 08:30:00,12,14
395,"Не оформлена карта специальной оценки рабочего места №565.",5,1,closed,2026-04-06 13:25:00,12,19
396,"Нужен оформить наряд допуск на огневые работы №235.",5,4,escalated,2026-03-13 16:55:00,12,20
397,"Нарушение маршрута движения транспорта на территории №556.",5,3,new,2026-03-17 14:40:00,5,3
398,"Нужен оборудовать место для курения по нормам №327.",5,4,escalated,2026-04-07 16:20:00,17,19
399,"Истек срок обучения первой помощи для сотрудников №67.",5,2,escalated,2026-03-19 09:15:00,9,16
400,"Отсутствует журнал регистрации инструктажей участка №669.",5,5,resolved,2026-04-12 12:15:00,4,20
401,"Истек срок действия допуска на электромонтажные работы №432.",5,4,assigned,2026-03-17 16:20:00,16,11
402,"Не ведется журнал регистрации аварий и инцидентов №254.",5,1,closed,2026-03-26 08:45:00,20,17
403,"Надо установить защитные барьеры у конвейера №110.",5,5,new,2026-04-28 15:30:00,12,13
404,"Стоит провести спецоценку условий труда участок №522.",5,1,escalated,2026-03-04 07:10:00,2,1
405,"Не укомплектована аптечка первой помощи №460 участке.",5,3,new,2026-03-10 16:20:00,16,13
406,"Нарушение ведения сменного журнала охраны труда №717.",5,2,new,2026-03-05 16:45:00,15,20
407,"Нарушение складирования материалов превышена высота №681.",5,4,resolved,2026-04-11 09:20:00,11,4
408,"Истек срок проверки знаний по охране труда отдела №869.",5,1,resolved,2026-05-11 07:40:00,12,19
409,"Не работает душевая для работников вредных производств №523.",5,4,resolved,2026-03-13 12:05:00,12,7
410,"Нужно заменить предупреждающие знаки безопасности №593.",5,4,in_progress,2026-03-21 07:35:00,2,17
411,"Необходим внеплановый инструктаж после изменения технологии.",5,4,new,2026-04-16 07:35:00,6,4
412,"Нужно поставить ограждения опасной зоны станка №606.",5,4,escalated,2026-05-03 10:05:00,9,11
413,"Не установлен тревожный знак у неисправного оборудования №202.",5,3,closed,2026-03-03 16:25:00,20,2
414,"Отсутствует плакат по охране труда на участке №771.",5,3,in_progress,2026-03-18 13:25:00,6,20
415,"Не укомплектован пожарный щит участка №989.",5,5,assigned,2026-03-26 13:45:00,11,6
416,"Нарушение при использовании грузоподъемных механизмов №361.",5,1,assigned,2026-04-27 10:25:00,12,5
417,"Не работает сигнализация загазованности помещения №500.",5,5,escalated,2026-03-09 16:20:00,8,9
418,"Нарушение хранения опасных химических веществ склад №216.",5,1,closed,2026-05-10 10:50:00,20,15
419,"Истек срок инструктажа по пожарной безопасности цеха №199.",5,4,resolved,2026-03-11 14:00:00,12,18
420,"Истек срок поверки газоанализатора №438 участка.",5,3,resolved,2026-03-17 15:25:00,2,14
421,"Отсутствует ограждение траншеи у входа №142 опасно.",5,5,resolved,2026-03-22 14:50:00,9,10
422,"Нужен внеплановый медосмотр сотрудников участка №290.",5,4,assigned,2026-03-04 07:50:00,2,1
423,"Прошу проведение пожарно тактических учений цеха №997.",5,3,new,2026-04-05 07:00:00,5,11
424,"Обнаружено нарушение при проверке охраны труда цеха №608.",5,1,escalated,2026-05-13 16:50:00,1,7
425,"Нарушение правил безопасности при работе электроинструментом.",5,3,in_progress,2026-03-19 09:50:00,8,3
426,"Пора менять защитного кожуха станка №209.",5,1,closed,2026-04-03 14:15:00,9,10
427,"Пора менять промышленных противогазов срок истек №110.",5,2,closed,2026-04-04 10:10:00,8,4
428,"Нарушение правил работы на высоте участок №725.",5,4,new,2026-04-21 10:50:00,6,17
429,"Истек срок поверки средств измерений опасных факторов №830.",5,2,resolved,2026-03-11 07:30:00,11,8
430,"Пора оформить допуск к самостоятельной работе №849.",5,4,escalated,2026-04-17 12:45:00,19,18
431,"Отсутствует рубильник аварийного отключения станка №381.",5,5,closed,2026-03-17 11:30:00,12,11
432,"Нужна обновить план эвакуации на этаже №837.",5,2,resolved,2026-03-16 15:45:00,10,3
433,"Не заполнена личная карточка т №131 при приеме.",6,1,assigned,2026-04-11 10:35:00,20,4
434,"Не зарегистрирован новый сотрудник №667 в системе.",6,1,assigned,2026-05-05 15:55:00,20,19
435,"Надо изменить график работы отдела №939.",6,2,in_progress,2026-03-13 12:25:00,13,2
436,"Нужна приказ о временном исполнении обязанностей №442.",6,3,resolved,2026-05-07 15:10:00,1,10
437,"Ошибка в начислении районного коэффициента №963.",6,4,closed,2026-05-09 07:25:00,10,13
438,"Не выплачены суточные за командировку сотрудника №550.",6,3,escalated,2026-04-05 13:25:00,1,8
439,"Оформить внутреннее совместительство сотруднику №851.",6,2,assigned,2026-03-13 07:05:00,17,16
440,"Ошибка в коде подразделения трудовой книжке №780.",6,5,new,2026-04-25 09:20:00,12,14
441,"Сотрудник №983 сменил фамилию желательно переоформление.",6,4,assigned,2026-04-13 13:10:00,5,8
442,"Надо провести собеседование на вакансию №415.",6,1,new,2026-05-05 16:55:00,9,10
443,"Не подписан приказ о назначении наставника для №849.",6,1,escalated,2026-05-14 11:15:00,19,1
444,"Не проведена плановая аттестация специалистов №691.",5,1,escalated,2026-04-20 13:25:00,11,10
445,"Не оплачен сверхурочный час №975 у сотрудника №788.",6,5,assigned,2026-03-07 07:30:00,14,8
446,"Нужно справка №651 н для службы занятости.",6,5,resolved,2026-03-22 14:45:00,13,3
447,"Оформление дополнительного отпуска за вредность №431.",6,1,in_progress,2026-03-31 12:05:00,17,7
448,"Перевод сотрудника №488 на другую должность.",6,2,assigned,2026-05-12 15:40:00,1,5
449,"Нужен справка для банка от сотрудника №191.",6,4,assigned,2026-03-12 09:55:00,17,3
450,"Не оформлено повышение квалификации в трудовой №738.",6,3,resolved,2026-03-10 13:15:00,13,12
451,"Стоит оформить совмещение должностей №591.",6,3,assigned,2026-05-06 12:25:00,12,13
452,"Хотелось бы закрыть вакансию срочно участок №149 остановлен.",6,3,assigned,2026-04-25 12:05:00,15,19
453,"Нужна расчет и выплата при на выходе на пенсию №340.",6,4,new,2026-04-02 16:40:00,6,18
454,"Не зачтен стаж при расчете отпускных сотрудника №355.",6,1,closed,2026-03-30 15:55:00,18,16
455,"Прошу продлить срочный трудовой договор сотрудника №737.",6,1,escalated,2026-03-14 07:30:00,5,2
456,"Хотелось бы приказ о переводе сотрудника №577.",6,2,in_progress,2026-03-31 12:35:00,4,13
457,"Желательно оформить перевод между подразделениями №208.",6,5,resolved,2026-03-09 08:55:00,20,3
458,"Изменение паспортных данных сотрудника №278 обновить.",6,5,in_progress,2026-03-11 12:50:00,16,1
459,"Хотелось бы продление испытательного срока сотрудника №716.",6,3,assigned,2026-03-30 12:40:00,13,3
460,"Хотелось бы изменить норму рабочего времени №551.",6,4,assigned,2026-04-21 11:05:00,6,10
461,"Ошибка в приказе об отпуске сотрудника №341.",6,3,in_progress,2026-03-21 10:10:00,20,1
462,"Нужен составить график отпусков на год №137.",6,2,assigned,2026-03-13 15:30:00,7,12
463,"Нужен получить характеристику на сотрудника №866.",6,1,new,2026-04-12 15:10:00,17,1
464,"Оформить дисциплинарное взыскание сотруднику №251.",6,4,resolved,2026-04-06 09:00:00,19,13
465,"Не предоставлен отпуск по уходу за ребенком №917.",6,3,in_progress,2026-03-25 12:55:00,4,9
466,"Прошу оформить работника №122 как внешнего совместителя.",6,1,closed,2026-04-09 08:30:00,6,3
467,"Не проведен инструктаж по локальным актам №163.",5,1,resolved,2026-04-10 11:10:00,9,11
468,"Ошибка в расчете выходного пособия №700.",6,4,in_progress,2026-04-02 11:35:00,15,18
469,"Нужна уведомление о сокращении штата отдела №52.",6,1,in_progress,2026-05-05 16:30:00,10,15
470,"Оформить дополнительный оплачиваемый день сотруднику №557.",6,2,resolved,2026-03-26 12:00:00,17,4
471,"Изменение условий трудового договора сотрудника №54.",6,2,in_progress,2026-04-08 14:10:00,13,7
472,"Стоит справка о периодах работы для пенсионного фонда.",6,5,in_progress,2026-04-14 08:20:00,8,2
473,"Сотрудник №873 не получил премию за квартал №773.",6,3,new,2026-04-14 10:10:00,3,15
474,"Хотелось бы дополнительное соглашение к договору №918.",6,1,assigned,2026-04-28 15:40:00,20,5
475,"Оформить ежегодный медосмотр для сотрудников отдела №979.",6,4,resolved,2026-04-13 14:30:00,20,10
476,"Оформление декретного отпуска сотруднице №657.",6,2,closed,2026-03-23 14:50:00,10,20
477,"Оформить больничный лист сотрудника №270.",6,1,in_progress,2026-04-24 13:40:00,16,17
478,"Не выплачена доплата за расширение зоны обслуживания №338.",6,2,assigned,2026-03-12 08:20:00,14,8
479,"Не закрыта вакансия инженера №740 длительный срок.",6,4,closed,2026-05-10 07:45:00,12,10
480,"Сотрудник №394 уволен прошу расчет.",6,1,escalated,2026-03-18 07:30:00,12,17
481,"Хотелось бы переоформить трудовой договор в связи с реорганизацией.",6,4,resolved,2026-04-05 09:25:00,9,13
482,"Не выдан полис дмс новому сотруднику №680.",6,1,new,2026-04-07 10:35:00,14,4
483,"Не закрыт электронный листок нетрудоспособности №75.",6,3,closed,2026-04-05 16:30:00,6,18
484,"Не начислена компенсация за неиспользованный отпуск №616.",6,1,escalated,2026-03-14 08:00:00,18,19
485,"Желательно изменить реквизиты для перечисления зарплаты №386.",6,5,closed,2026-05-03 08:00:00,16,7
486,"Не оформлен ученический договор с сотрудником №128.",6,5,resolved,2026-03-29 11:30:00,4,10
487,"Внесение изменений в штатное расписание отдела №452.",6,2,new,2026-03-04 12:05:00,20,5
488,"Сотрудник №183 просит копию трудового договора.",6,3,assigned,2026-04-24 16:20:00,17,5
489,"Оформить материальную помощь сотруднику №652.",6,4,resolved,2026-05-11 10:10:00,20,1
490,"Не выдан расчетный листок за месяц №44.",6,5,new,2026-03-21 10:50:00,6,5
491,"Желательно обновить должностную инструкцию №269.",6,4,new,2026-04-21 07:05:00,19,10
492,"Стоит согласование нового штатного расписания.",6,1,assigned,2026-04-18 13:30:00,4,15
493,"Не включен стажер №263 в табель учета рабочего времени.",6,3,in_progress,2026-05-11 12:20:00,17,4
494,"Сбой системы мониторинга оборудования №42.",7,4,assigned,2026-04-03 16:15:00,19,7
495,"Не открываются файлы docx на рабочей станции №135.",7,3,escalated,2026-04-12 12:05:00,17,3
496,"Не отображается история операций системе №144.",7,5,resolved,2026-04-08 08:35:00,18,12
497,"Нужна перенастроить маршрутизатор после сбоя питания №799.",7,4,escalated,2026-03-07 08:00:00,10,18
498,"Ошибка при закрытии периода в системе №224.",7,1,escalated,2026-04-01 14:15:00,16,17
499,"Потерян доступ к корпоративной почте №206.",7,4,in_progress,2026-05-05 13:45:00,16,10
500,"Не отправляются уведомления системы мониторинга №38.",7,1,closed,2026-05-05 08:20:00,12,10
501,"Не работает корпоративный мессенджер у отдела №908.",7,5,closed,2026-04-23 13:40:00,1,12
502,"Сбой в работе системы электронного документооборота №847.",7,2,escalated,2026-03-16 12:05:00,3,8
503,"Желательно настроить сетевой диск для отдела №759.",7,4,assigned,2026-03-13 16:00:00,20,12
504,"Нужно поставить антивируса на рабочую станцию №401.",7,3,in_progress,2026-03-12 07:25:00,7,2
505,"Нужна миграция почтовых ящиков отдела №36.",7,1,closed,2026-03-10 11:00:00,7,11
506,"Не работает корпоративный чат поддержки клиентов №478.",7,3,new,2026-04-25 11:55:00,5,10
507,"Хотелось бы создать новую учетную запись сотруднику №958.",7,4,new,2026-05-14 15:35:00,18,17
508,"Не доступна база знаний на корпоративном портале.",7,4,resolved,2026-04-04 10:50:00,17,20
509,"Сбой алертов системы мониторинга сети №615.",7,4,escalated,2026-03-09 07:05:00,15,13
510,"Не синхронизируется расписание в корпоративном календаре №215.",7,2,escalated,2026-03-07 15:30:00,20,10
511,"Не синхронизируются данные планшета с сервером №797.",7,4,new,2026-04-23 14:35:00,3,19
512,"Не работает защищенный канал связи с объектом №680.",7,3,in_progress,2026-03-25 15:50:00,14,10
513,"Потерян пароль к корпоративному сервису №201.",7,2,closed,2026-03-05 16:05:00,3,17
514,"Надо установить сертификат безопасности на сервер №335.",7,2,escalated,2026-04-28 08:35:00,19,11
515,"Ошибка авторизации системе управления производством №25.",7,1,closed,2026-04-20 16:15:00,17,18
516,"Не работает корпоративная wi fi сеть на этаже №663.",7,3,assigned,2026-03-10 10:35:00,6,5
517,"Надо настроить резервный канал интернета офиса №240.",7,4,resolved,2026-03-31 16:15:00,12,13
518,"Сбой работе №377 сервера требует перезапуска.",7,4,closed,2026-03-02 14:25:00,9,17
519,"Ошибка обновления конфигурации №178 базы №674.",7,4,new,2026-03-08 11:05:00,10,12
520,"Ошибка синхронизации справочников в системе №330.",7,5,assigned,2026-03-01 12:25:00,7,18
521,"Желательно восстановление работы сервера после сбоя №360.",7,1,assigned,2026-04-04 12:40:00,5,12
522,"Не работает 1с бухгалтерия на компьютере №164.",7,2,escalated,2026-04-28 16:55:00,10,3
523,"Ошибка резервного копирования данных сервера №470.",7,2,closed,2026-05-12 14:50:00,13,19
524,"Не работает удаленный доступ к рабочему столу №784.",7,5,new,2026-03-05 08:40:00,1,11
525,"Не работает веб сервис интеграции с системой №193.",7,3,new,2026-05-02 08:50:00,3,12
526,"Нужен проверить целостность базы данных №361.",7,2,escalated,2026-04-10 07:30:00,2,5
527,"Не загружаются модули конфигурации №340 на компьютере.",7,2,assigned,2026-04-28 08:05:00,8,14
528,"Желательно добавить пользователя в группу безопасности №451.",7,1,escalated,2026-04-02 12:55:00,9,18
529,"Ошибка при формировании электронного реестра №330.",7,2,resolved,2026-05-01 12:20:00,18,4
530,"Сбой интеграции между crm и №401 системой.",7,2,escalated,2026-04-18 07:45:00,13,3
531,"Сбой при обмене данными с банком системе №259.",7,5,escalated,2026-04-10 07:30:00,4,10
532,"Не доступен удаленный рабочий стол сотрудника №587.",7,5,resolved,2026-03-17 10:20:00,18,9
533,"Нужно развернуть тестовую среду для проекта №23.",7,4,resolved,2026-03-25 12:05:00,1,13
534,"Надо настройка корпоративной почты на телефоне №226.",7,3,new,2026-04-03 10:00:00,2,7
535,"Не работает корпоративная система заявок helpdesk.",7,2,resolved,2026-03-19 09:35:00,10,12
536,"Нужен архивация старых данных для освобождения места №399.",7,1,assigned,2026-04-24 10:30:00,7,17
537,"Не работает корпоративное приложение на смартфоне №457.",7,4,resolved,2026-03-20 15:50:00,10,18
538,"Пора предоставить доступ к базе данных №554.",7,2,closed,2026-04-30 15:25:00,4,2
539,"Нужна установить драйвер оборудования на станцию №735.",7,4,resolved,2026-03-26 12:45:00,9,20
540,"Нужно установить обновления безопасности на сервер №377.",7,1,escalated,2026-04-30 07:45:00,2,1
541,"Сбой синхронизации данных между системами №871.",7,1,closed,2026-05-14 14:55:00,16,20
542,"Сбой в системе управления складом wms №407.",7,5,in_progress,2026-04-16 10:10:00,14,8
543,"Ошибка импорта данных из excel в систему №84.",7,4,in_progress,2026-04-08 08:00:00,19,20
544,"Прошу выдать новые ключи электронной подписи №12.",7,2,in_progress,2026-03-17 10:35:00,15,3
545,"Не работает корпоративный vpn у сотрудника №7.",7,5,closed,2026-03-23 15:00:00,9,1
546,"Нужна настройка удаленного рабочего стола №241.",7,3,closed,2026-03-02 16:40:00,10,19
547,"Сбой интеграции системы №222 с бухгалтерией.",7,1,in_progress,2026-03-20 12:00:00,14,12
548,"Не работает система контроля доступа на входе №967.",7,5,in_progress,2026-05-09 13:30:00,7,10
549,"Не загружается операционная система компьютера №421.",7,1,closed,2026-03-17 15:50:00,5,9
550,"Желательно установить новую версию autoCAD на №994.",7,1,closed,2026-04-27 14:35:00,20,18
551,"Не работает сервис электронной подписи у №230.",7,1,in_progress,2026-03-02 07:05:00,17,1
552,"Сбой системы планирования производства erp №126.",7,2,escalated,2026-04-08 07:05:00,8,16
553,"Ошибка выгрузки данных в государственную систему №966.",7,1,in_progress,2026-05-04 09:50:00,17,14
554,"Прошу перенос данных при замене компьютера №3.",7,5,in_progress,2026-03-09 07:40:00,19,10
555,"Нужна восстановить удаленные данные с сервера №479.",7,5,assigned,2026-03-07 13:20:00,20,1
556,"Вытекает тосол из системы охлаждения агрегата №379.",8,4,in_progress,2026-04-24 16:15:00,10,6
557,"Мокрый пол в серверной комнате №629 источник неизвестен.",8,3,assigned,2026-04-14 12:40:00,4,20
558,"Капает конденсат с компрессора №30 на пол скользко.",8,4,escalated,2026-03-08 11:30:00,11,7
559,"Вытекает электролит из аккумуляторов погрузчика №786.",8,5,new,2026-03-16 16:35:00,1,19
560,"Протечка фланцевого соединения трубопровода №647.",8,1,closed,2026-04-18 12:15:00,19,12
561,"Протечка торцевого уплотнения насоса гликоля №482.",8,5,new,2026-03-04 10:40:00,11,13
562,"Течет батарея отопления в коридоре №565 этажа.",8,5,assigned,2026-04-16 12:45:00,1,3
563,"Обнаружена течь под ванной мойкой кухни №825 этажа.",8,1,in_progress,2026-04-05 11:10:00,8,17
564,"Обнаружена утечка хладагента кондиционера №168.",8,5,resolved,2026-04-29 13:10:00,14,9
565,"Протечка гидравлики манипулятора №579 нужен устранение.",8,5,resolved,2026-04-28 14:25:00,12,18
566,"Вытекает дизельное топливо из бака генератора №842.",8,4,in_progress,2026-05-06 15:30:00,20,2
567,"Течет расширительный бачок системы отопления №519.",8,4,new,2026-04-14 10:20:00,11,2
568,"Протечка гофры выхлопа компрессора №349.",8,2,escalated,2026-05-01 12:15:00,14,13
569,"Обнаружена утечка воздуха из пневмоцилиндра №22.",8,2,assigned,2026-03-07 11:15:00,11,18
570,"Вытекает масло через прокладку поддона двигателя №431.",8,1,assigned,2026-04-25 11:25:00,14,16
571,"Течет кран в туалете №834 этажа.",8,3,escalated,2026-04-02 07:50:00,20,15
572,"Протечка трубопровода сжатого воздуха цеха №639.",8,2,in_progress,2026-05-02 13:55:00,9,16
573,"Вытекает тормозная жидкость погрузчика №183.",8,1,in_progress,2026-03-11 09:00:00,7,8
574,"Капает со шланга подачи воды станку №552.",8,4,assigned,2026-05-04 13:10:00,1,15
575,"Капает конденсат из системы вентиляции кабинета №186.",8,3,closed,2026-05-08 07:00:00,8,12
576,"Протечка прокладки люка резервуара №882.",8,1,resolved,2026-03-09 16:55:00,9,11
577,"Обнаружена конденсатная лужа под кондиционером №861.",8,5,escalated,2026-03-04 11:20:00,7,16
578,"Протечка гидравлической системы пресса №541.",8,1,closed,2026-03-25 10:10:00,4,1
579,"Вытекает смазка из подшипникового узла конвейера №719.",8,3,assigned,2026-03-16 08:40:00,3,10
580,"Течет соединение быстрорасъемной муфты №809.",8,5,closed,2026-04-26 09:25:00,6,3
581,"Течет унитаз в туалете №628 этажа постоянно.",8,5,new,2026-03-30 09:45:00,9,1
582,"Затопило подвал здания после дождя.",8,5,in_progress,2026-04-11 09:35:00,16,11
583,"Вытекает реагент из промывочной системы №625.",8,5,new,2026-04-17 12:05:00,17,9
584,"Капает вода с оконного проема кабинет №725 при дожде.",8,4,in_progress,2026-04-08 08:05:00,5,1
585,"Течь в системе водоснабжения склада №164.",8,2,closed,2026-03-12 07:05:00,1,15
586,"Капает из трубы рядом с электрощитком №833 опасно.",8,5,assigned,2026-03-19 07:55:00,17,16
587,"Обнаружено намокание пола под шкафом электрощита №76.",8,3,escalated,2026-03-02 13:15:00,6,14
588,"Протечка корпуса фильтра тонкой очистки воды №94.",8,3,assigned,2026-05-14 11:30:00,16,9
589,"Протечка трубы канализации в подсобном помещении №786.",8,1,escalated,2026-05-08 16:15:00,14,1
590,"Обнаружена течь манометра на давлении №86 атм.",8,4,in_progress,2026-04-09 07:25:00,17,18
591,"Капает вода из системы пожаротушения спринклер №598.",8,5,in_progress,2026-03-19 07:10:00,19,11
592,"Протечка диафрагменного насоса дозирования №429.",8,4,closed,2026-03-02 09:25:00,8,9
593,"Протечка системы охлаждения чиллера №622.",8,5,assigned,2026-03-01 07:40:00,15,6
594,"Вытекает масло из редуктора конвейера №105.",8,3,in_progress,2026-03-22 16:40:00,14,13
595,"Капает вода из водонагревателя №458 этажа.",8,4,new,2026-05-07 10:35:00,8,2
596,"Протечка гайки накидной на шланге гидравлики №215.",8,1,in_progress,2026-05-12 11:10:00,4,5
597,"Протечка запорного крана на входе здания №526.",8,3,escalated,2026-04-12 13:15:00,9,19
598,"Обнаружена утечка воды из посудомоечной машины кухни №874.",8,3,new,2026-04-19 13:15:00,5,14
599,"Течет кран подпитки системы отопления №653.",8,1,new,2026-05-06 10:45:00,7,20
600,"Протечка шарового крана водоснабжения санузла №971.",8,5,resolved,2026-03-09 15:55:00,11,13
601,"Обнаружена лужа воды под компрессором №179.",8,1,in_progress,2026-05-03 10:00:00,11,10
602,"Течет сливная труба раковины на кухне №316 этажа.",8,4,resolved,2026-05-03 08:10:00,11,9
603,"Мокрое пятно на потолке кабинета №449.",8,4,in_progress,2026-04-29 08:05:00,4,11
604,"Протечка стыка канализационных труб подвале №17.",8,1,closed,2026-03-17 15:00:00,12,16
605,"Обнаружена утечка воды из кулера №944 этажа.",8,4,escalated,2026-03-11 13:00:00,12,20
606,"Подтекает насос системы отопления №268.",8,1,resolved,2026-03-27 15:40:00,18,19
607,"Протечка системы дренажа кондиционера в кабинете №403.",8,4,assigned,2026-03-15 09:50:00,13,14
608,"Обнаружена утечка из форсунок системы пожаротушения №521.",8,2,resolved,2026-05-06 09:15:00,4,2
609,"Протечка коллектора отопления в техническом на этаже №324.",8,3,escalated,2026-03-10 09:15:00,19,20
610,"Плановое обслуживание электроприводов конвейеров №459.",9,1,closed,2026-03-21 08:10:00,5,6
611,"Пора менять ремней привода насоса №444.",9,3,escalated,2026-03-22 08:25:00,9,20
612,"Нужна проведение ежегодной ревизии трубопроводов.",9,1,escalated,2026-04-25 13:25:00,20,10
613,"Надо провести поверку весоизмерительного оборудования №869.",9,3,in_progress,2026-04-17 10:20:00,6,9
614,"Замена электродвигателей насосов по регламенту №377.",9,1,resolved,2026-05-01 09:35:00,5,12
615,"Замена срабатываний датчиков пожаротушения №821.",9,2,closed,2026-04-02 09:00:00,8,5
616,"Плановое обслуживание гидравлических прессов №184.",9,1,closed,2026-03-14 09:50:00,20,11
617,"Желательно ежегодная инспекция сосудов под давлением №658.",9,4,in_progress,2026-04-21 09:05:00,16,9
618,"Пора менять защитных экранов станков по графику.",9,5,escalated,2026-03-11 15:15:00,4,14
619,"Обслуживание центробежных насосов по графику №70.",9,4,assigned,2026-05-13 11:10:00,7,11
620,"Плановая ревизия предохранительных клапанов №638.",9,5,assigned,2026-04-09 12:25:00,2,14
621,"Нужно провести техническое освидетельствование котла №152.",9,4,in_progress,2026-05-03 14:05:00,8,18
622,"Плановое обслуживание системы №467 охлаждения.",9,3,closed,2026-05-11 15:05:00,12,16
623,"Плановое обслуживание системы дымоудаления здания.",9,1,in_progress,2026-04-22 11:20:00,18,9
624,"Надо провести диагностику состояния кабелей №712.",9,3,assigned,2026-05-11 07:50:00,3,12
625,"Замена воздушных фильтров компрессоров по регламенту №756.",9,2,resolved,2026-04-16 16:35:00,5,8
626,"Замена ламп аварийного освещения по регламенту №215.",9,5,escalated,2026-04-08 12:45:00,5,6
627,"Плановая ревизия технологических трубопроводов №547.",9,5,assigned,2026-04-16 10:40:00,18,9
628,"Замена расходомеров по графику метрологической службы №797.",9,1,new,2026-03-17 11:25:00,14,10
629,"Нужна провести виброконтроль подшипников №231.",9,5,resolved,2026-04-15 14:40:00,5,16
630,"Замена масла в редукторах линии №75 по регламенту.",9,5,assigned,2026-04-06 08:30:00,11,19
631,"Плановая ревизия запорной арматуры котельной №114.",9,1,resolved,2026-04-23 14:10:00,14,13
632,"Плановая промывка системы водоснабжения здания №136.",9,3,in_progress,2026-05-13 10:20:00,19,3
633,"Стоит провести ежегодный осмотр лестниц и площадок.",9,4,assigned,2026-04-30 10:00:00,16,11
634,"Прошу провести ежегодный осмотр грузоподъемных кранов.",9,5,closed,2026-04-26 09:05:00,4,16
635,"Замена счетчиков расхода воды по регламенту №921.",9,2,escalated,2026-03-29 09:40:00,4,1
636,"Замена уплотнений насосов по регламенту №784.",9,2,resolved,2026-04-19 07:20:00,12,7
637,"Плановое обслуживание регуляторов давления системы №225.",9,1,closed,2026-04-06 09:10:00,12,4
638,"Замена аккумуляторов погрузчиков по регламенту №278.",9,5,escalated,2026-03-01 16:30:00,17,20
639,"Плановая замена прокладок арматуры трубопровода №203.",9,2,resolved,2026-04-29 16:30:00,5,3
640,"Плановое техническое обслуживание подъемников цеха №906.",9,5,assigned,2026-03-17 09:15:00,9,3
641,"Плановая проверка состояния заземления оборудования №479.",9,5,new,2026-04-29 07:25:00,4,10
642,"Плановое обслуживание вентиляционных установок №648.",9,2,assigned,2026-03-22 14:05:00,20,3
643,"Замена прокладок фланцевых соединений по регламенту №179.",9,3,in_progress,2026-04-21 15:25:00,5,1
644,"Плановая очистка теплообменника системы охлаждения №867.",9,1,assigned,2026-04-01 13:25:00,1,13
645,"Плановое обслуживание системы смазки конвейера №201.",9,2,closed,2026-04-12 16:30:00,13,17
646,"Плановое обслуживание пневматических цилиндров линии №187.",9,1,in_progress,2026-04-30 07:45:00,19,14
647,"Надо провести регламентную очистку баков №896.",9,5,assigned,2026-03-28 07:00:00,2,19
648,"Плановое техническое обслуживание компрессора №331 по регламенту.",9,5,in_progress,2026-03-24 11:35:00,5,20
649,"Плановая диагностика состояния изоляции кабелей №996.",9,4,assigned,2026-03-22 16:55:00,3,15
650,"Прошу провести ежеквартальное обслуживание чиллеров №574.",9,5,assigned,2026-03-01 13:45:00,2,14
651,"Прошу провести регламентную смазку цепных передач №511.",9,1,resolved,2026-03-25 15:30:00,10,13
652,"Желательно плановая регулировка клапанов двигателя №824.",9,3,new,2026-03-13 08:25:00,1,6
653,"Плановая диагностика сварочного оборудования №855.",9,2,new,2026-05-10 09:50:00,16,12
654,"Обслуживание станции управления конвейером №649.",9,4,in_progress,2026-03-18 16:20:00,10,6
655,"Замена технологических жидкостей в системе №715 по графику.",9,5,assigned,2026-03-23 14:55:00,8,20
656,"Плановая проверка и замена анодов водонагревателей №602.",9,2,assigned,2026-04-21 15:15:00,1,17
657,"Плановое обслуживание насосов пожаротушения №845.",9,5,closed,2026-03-06 11:55:00,19,6
658,"Стоит плановая регулировка тормозов конвейеров №160.",9,3,assigned,2026-03-24 16:00:00,6,7
659,"Замена фильтра тонкой очистки масла агрегата №732.",9,3,escalated,2026-03-31 08:15:00,11,1
660,"Организовать курс по автоматизации отчетности для финотдела.",10,3,escalated,2026-03-17 14:05:00,13,16
661,"Хотелось бы обучение специалистов по закупкам работе новой системой.",10,2,new,2026-03-04 16:55:00,1,8
662,"Провести обучение по методам бережливого производства №631.",10,4,in_progress,2026-04-29 11:35:00,6,19
663,"Желательно переобучение слесарей для работы на новом оборудовании.",10,4,in_progress,2026-03-18 16:35:00,13,4
664,"Надо обучение токарей работе с ЧПУ станками №541.",10,2,closed,2026-04-01 14:05:00,11,17
665,"Провести обучение водителей погрузчиков участка №882.",10,5,assigned,2026-03-31 09:20:00,11,1
666,"Провести обучение сотрудников работе №889 новым модулем.",10,5,resolved,2026-03-03 11:55:00,13,20
667,"Организовать обучение по цифровой трансформации для руководителей.",10,4,new,2026-04-26 14:00:00,3,10
668,"Организовать корпоративное обучение по этике и комплаенсу.",10,4,new,2026-04-22 15:00:00,12,11
669,"Организовать обучение по iso №391 для специалистов по качеству.",10,1,escalated,2026-04-29 07:40:00,11,12
670,"Нужно обучение операторов линии работе новым программным обеспечением №887.",10,5,new,2026-05-13 16:30:00,6,7
671,"Организовать вебинар по изменениям в законодательстве №55.",10,4,in_progress,2026-03-10 13:00:00,19,13
672,"Провести обучение сотрудников №417 работе кассовыми аппаратами.",10,2,assigned,2026-04-02 15:55:00,8,20
673,"Провести обучение менеджеров навыкам продаж.",10,5,assigned,2026-05-02 08:10:00,17,18
674,"Организовать дистанционное обучение для филиала №834.",10,1,resolved,2026-05-03 12:35:00,16,14
675,"Провести обучение операторов производства по методикам контроля №549.",10,3,resolved,2026-05-07 12:40:00,10,20
676,"Провести обучение по охране окружающей среды для цеха №779.",10,4,new,2026-04-01 14:00:00,8,3
677,"Организовать аттестацию аппаратчиков по №598 разряду.",10,5,closed,2026-03-05 10:55:00,8,15
678,"Нужно обучение сотрудников службы охраны труда №827.",10,2,assigned,2026-05-14 09:45:00,20,14
679,"Организовать обучение работников безопасным методам труда.",10,4,escalated,2026-04-04 07:20:00,16,14
680,"Хотелось бы обучение грузчиков правилам безопасного подъема.",10,2,assigned,2026-03-17 09:05:00,11,5
681,"Организовать вводный инструктаж для стажеров №921.",5,4,escalated,2026-03-20 13:20:00,20,11
682,"Нужен обучение электриков работе новыми щитками №534.",10,1,in_progress,2026-05-14 12:20:00,20,5
683,"Провести обучение секретарей работе с документами по новым правилам.",10,3,resolved,2026-04-14 11:00:00,17,7
684,"Стоит обучение технологов работе новым программным обеспечением.",10,4,escalated,2026-04-28 08:10:00,19,14
685,"Организовать семинар по управлению проектами для отдела.",10,2,in_progress,2026-04-26 14:45:00,5,14
686,"Организовать курсы английского языка для инженеров.",10,2,closed,2026-04-28 10:35:00,16,20
687,"Нужно обучение операторов погрузчиков участка №955.",10,1,resolved,2026-03-17 13:25:00,15,1
688,"Организовать обучение по пожарно техническому минимуму отдела №511.",5,5,new,2026-04-06 15:05:00,11,18
689,"Провести обучение персонала работе с crm системой.",10,3,resolved,2026-04-06 10:45:00,12,13
690,"Нужен обучение технологов документированию производственных процессов.",10,1,new,2026-05-07 13:15:00,5,13
691,"Провести обучение оценщиков работе по новому регламенту.",10,4,new,2026-05-07 14:35:00,7,9
692,"Провести обучение руководителей навыкам постановки задач.",10,3,new,2026-04-21 10:20:00,4,18
693,"Организовать курсы повышения квалификации бухгалтеров.",10,1,new,2026-05-11 08:40:00,20,6
694,"Провести обучение юридического отдела по изменениям законодательства.",10,2,new,2026-03-20 11:35:00,5,2
695,"Провести обучение по работе с измерительным инструментом №68.",10,4,assigned,2026-04-17 12:55:00,8,6
696,"Провести обучение по работе новой версией erp.",10,5,in_progress,2026-03-07 11:00:00,15,11
697,"Хотелось бы обучение нового оператора станка №182.",10,5,closed,2026-05-01 11:30:00,8,7
698,"Нужен обучение персонала правилам первой помощи.",10,3,assigned,2026-04-06 16:00:00,10,2
699,"Прошу обучение наладчиков работе с новым станком №76.",10,3,escalated,2026-04-16 09:45:00,6,20
700,"Провести обучение складских работников правилам приемки.",10,1,assigned,2026-03-14 09:50:00,15,16
701,"Организовать семинар по новым стандартам качества №724.",10,1,resolved,2026-05-14 15:10:00,16,17
702,"Прошу обучение экономистов работе №428 системой.",10,5,in_progress,2026-04-28 14:15:00,10,17
703,"Нужна обучение менеджеров склада работе новой wms системой.",10,2,resolved,2026-03-20 10:25:00,7,8
704,"Нужно обучение диспетчеров работе новым программным обеспечением.",10,1,escalated,2026-04-25 07:10:00,3,19
705,"Нужна обучение кладовщиков работе штрихкодированием.",10,2,escalated,2026-05-04 13:20:00,17,14
706,"Организовать тренинг для операторов линии по снижению брака.",10,2,assigned,2026-04-24 15:15:00,17,9
707,"Пора обучение технических специалистов новому регламенту обслуживания.",10,3,resolved,2026-05-04 11:25:00,20,19
708,"Пересмотреть план загрузки кузнечного участка №341.",11,3,escalated,2026-03-12 12:05:00,8,1
709,"Изменить план передачи деталей между участками №317.",11,3,escalated,2026-04-24 11:45:00,14,15
710,"Обновить план производственных совещаний на месяц.",11,1,assigned,2026-03-21 13:15:00,16,19
711,"Хотелось бы скорректировать график выпуска продукции №610.",11,5,assigned,2026-04-15 15:40:00,5,6
712,"Стоит обновить план внутрицеховой кооперации №765.",11,5,resolved,2026-04-22 07:50:00,13,14
713,"Нужен обновить производственное задание цеха №165.",11,2,in_progress,2026-04-06 11:35:00,13,5
714,"Скорректировать план выпуска из за нехватки сырья №847.",11,3,in_progress,2026-05-14 12:00:00,7,4
715,"Изменить последовательность операций на линии №144.",11,3,resolved,2026-04-01 12:30:00,16,14
716,"Уточнить приоритеты заданий на смену №99.",11,3,new,2026-04-22 07:15:00,10,19
717,"Пересмотреть план производства с учетом сезонности №474.",11,1,assigned,2026-04-21 07:10:00,10,7
718,"Надо скорректировать задание смене №573 после аварии.",11,3,new,2026-04-02 08:25:00,16,5
719,"Изменить план работы склада №447 в связи с поставкой.",11,2,new,2026-04-16 16:45:00,20,18
720,"Стоит скорректировать план ремонтов на квартал №667.",11,1,new,2026-05-12 10:15:00,3,7
721,"Обновить план производства с учетом новой заявки №119.",11,4,assigned,2026-03-21 07:25:00,13,17
722,"Обновить план потребности в материалах на №513.",11,3,in_progress,2026-04-14 10:00:00,15,1
723,"Обновить план ппр оборудования на квартал.",11,4,escalated,2026-05-10 11:55:00,4,9
724,"Надо обновить оперативно календарный план №22.",11,5,in_progress,2026-03-02 11:45:00,12,7
725,"Хотелось бы пересмотреть план расстановки оборудования №220.",11,5,assigned,2026-04-04 11:10:00,7,3
726,"Пересмотреть план подачи материалов на участок №385.",11,1,new,2026-03-06 15:45:00,3,10
727,"Скорректировать план подготовки производства изделия №516.",11,5,new,2026-03-21 14:05:00,15,14
728,"Скорректировать план выпуска деталей участка №130 на месяц.",11,1,closed,2026-03-31 14:15:00,20,8
729,"Надо скорректировать план входного контроля партии №664.",11,1,closed,2026-04-20 11:35:00,15,11
730,"Нужна изменить срок исполнения заказа №407.",11,3,escalated,2026-04-11 16:45:00,18,3
731,"Скорректировать план обработки деталей кооперации с №40.",11,1,new,2026-04-13 11:30:00,3,17
732,"Надо скорректировать план закупок материалов №399.",11,5,closed,2026-03-04 11:30:00,15,9
733,"Перенести срок сдачи заказа №321 в связи с поломкой.",11,1,escalated,2026-03-12 09:40:00,7,14
734,"Прошу изменить задание оператору станка №896 на смену.",11,5,resolved,2026-04-23 07:15:00,5,1
735,"Обновить план производственных мощностей на год №527.",11,5,closed,2026-04-18 10:00:00,18,15
736,"Обновить план комплектации заказа №72 для отгрузки.",11,1,new,2026-05-05 13:40:00,15,16
737,"Перераспределить задания между участками №66 и №943.",11,2,closed,2026-05-02 08:00:00,2,8
738,"Пересмотреть план по снижению себестоимости продукции №352.",11,4,in_progress,2026-05-12 12:05:00,2,15
739,"Обновить план загрузки технологического оборудования №744.",11,5,resolved,2026-05-11 08:55:00,14,13
740,"Обновить план технической подготовки производства №618.",11,1,new,2026-04-03 16:05:00,8,17
741,"Скорректировать план по выпуску №628 в связи с изменением спроса.",11,4,resolved,2026-05-12 16:40:00,11,12
742,"Перенести срок запуска изделия №342 по причине поставки.",11,2,escalated,2026-03-07 10:10:00,9,13
743,"Нужна актуализировать план технического обслуживания №657.",11,4,new,2026-04-16 15:15:00,12,18
744,"Пересмотреть планируемые простои оборудования №854.",11,5,in_progress,2026-03-07 12:55:00,10,20
745,"Нужно скорректировать сменное задание цеха №858.",11,5,in_progress,2026-04-02 14:45:00,20,13
746,"Пересмотреть норму расхода материала на изделие №919.",11,4,new,2026-03-28 11:35:00,13,17
747,"Перепланировать загрузку оборудования после ремонта №410.",11,4,resolved,2026-04-08 14:00:00,19,8
748,"Изменить норму времени на операцию №327 в системе.",11,4,closed,2026-05-02 16:40:00,4,15
749,"Стоит обновить план контроля качества на участке №536.",11,5,new,2026-03-10 08:00:00,1,5
750,"Пора скорректировать задание с учетом брака №975.",11,4,assigned,2026-03-01 09:25:00,12,15
751,"Нужен пересмотреть нормативы незавершенного производства №937.",11,3,closed,2026-04-24 14:40:00,2,20
752,"Изменить план обеспечения рабочих мест заготовками №718.",11,5,assigned,2026-04-07 08:25:00,19,4
753,"Желательно учесть простой линии №937 при формировании плана.",11,1,escalated,2026-04-14 07:30:00,8,11
754,"Изменить план ремонта оснастки на участке №68.",11,5,closed,2026-04-11 10:45:00,12,19
755,"Пересмотреть нормативы выработки на участке №443.",11,2,new,2026-03-28 09:50:00,2,6
756,"Надо скорректировать план распределения фонда рабочего времени №166.",11,3,assigned,2026-04-28 08:50:00,16,3
757,"Желательно скорректировать план сдачи деталей на склад №745.",11,3,escalated,2026-03-07 08:55:00,17,7
758,"Нужен скорректировать план внедрения нового оборудования №936.",11,5,closed,2026-04-21 14:15:00,6,19
759,"Скорректировать план производственной программы квартала №368.",11,3,resolved,2026-03-27 14:20:00,10,12
760,"Скорректировать суточный план производства участка №979.",11,1,in_progress,2026-04-20 14:30:00,5,3
761,"Нужен пересмотреть план запуска деталей партии №298.",11,1,closed,2026-05-02 09:35:00,11,16
762,"Изменить план контрольных испытаний готовой продукции №969.",11,3,escalated,2026-04-20 10:55:00,4,20
763,"Нужна скорректировать план работы транспортного цеха №875.",11,3,escalated,2026-03-04 09:05:00,19,13
764,"Скорректировать план использования транспорта цеха №807.",11,3,in_progress,2026-03-11 11:15:00,3,11
765,"Изменить план диспетчеризации заказов на день №246.",11,3,in_progress,2026-03-26 09:10:00,14,6
766,"Обновить план производства на основании нового заказа №133.",11,4,in_progress,2026-03-29 09:30:00,2,10
767,"Надо обновить план отгрузки готовой продукции №132.",11,1,in_progress,2026-04-29 16:35:00,9,16
768,"Пересмотреть план изготовления инструмента инструментального цеха.",11,3,closed,2026-05-05 11:40:00,1,20
769,"Изменить объем производственного задания на смену №814.",11,1,escalated,2026-04-22 11:05:00,13,16
770,"Перераспределить рабочих между участками №832 и №197.",11,4,new,2026-05-07 16:30:00,7,17
771,"Изменить план работ по технологической подготовке №438.",11,3,in_progress,2026-04-30 08:50:00,13,9
772,"Перенести плановый ремонт №284 по причине загрузки.",11,4,in_progress,2026-03-06 08:30:00,4,19
773,"Поступило обращение от внешнего контрагента №746.",12,1,closed,2026-03-24 15:10:00,14,6
774,"Обращение касается вопроса вне зоны ответственности.",12,2,resolved,2026-05-12 14:35:00,8,19
775,"Ситуация выходит за рамки стандартных процедур №490.",12,4,closed,2026-03-15 14:25:00,8,16
776,"Нестандартная ситуация связанная с поставкой №65.",12,2,closed,2026-04-26 10:55:00,17,20
777,"Обращение не относится ни к одному отделу перенаправить.",12,3,new,2026-03-05 15:50:00,16,19
778,"Нестандартный запрос требует дополнительного уточнения.",12,2,assigned,2026-03-01 11:15:00,5,16
779,"Стоит общая консультация по работе участка №71.",12,4,in_progress,2026-03-24 10:55:00,16,15
780,"Надо немедленная реакция на нетипичный инцидент №207.",12,4,in_progress,2026-04-04 15:10:00,9,19
781,"Непонятная ошибка в системе не воспроизводится повторно №780.",12,4,escalated,2026-03-29 09:20:00,6,5
782,"Не ясно кто ответственен за выполнение заявки №572.",12,2,closed,2026-05-04 08:00:00,11,20
783,"Поступила жалоба с непонятным запросом от сотрудника №561.",12,2,assigned,2026-05-12 07:10:00,12,8
784,"Поступил запрос на нетиповую процедуру согласования.",12,4,escalated,2026-03-15 15:15:00,1,15
785,"Не ясно к какому отделу относится вопрос №695.",12,5,new,2026-03-25 08:15:00,1,2
786,"Пришло обращение без контактных данных заявителя.",12,3,assigned,2026-05-12 11:45:00,17,4
787,"Поступил запрос вне рабочего регламента требует решения.",12,3,in_progress,2026-04-25 16:40:00,8,15
788,"Поступил запрос на неустановленный вид работ.",12,1,assigned,2026-04-17 07:20:00,18,7
789,"Обращение не поддается классификации требует проверки.",12,3,escalated,2026-04-02 14:15:00,17,12
790,"Не ясны причины остановки линии №39 дополнительная проверка.",12,2,resolved,2026-04-27 13:25:00,19,1
791,"Возникла нетипичная ситуация в работе №899.",12,5,new,2026-03-23 15:20:00,20,10
792,"Получено обращение с неверно указанным объектом №358.",12,5,escalated,2026-03-15 09:20:00,1,16
793,"Непонятная неисправность №437 требует расследования.",12,3,new,2026-04-03 12:30:00,16,20
794,"Запрос содержит неполное описание проблемы №523.",12,3,resolved,2026-03-30 08:55:00,17,13
795,"Обращение содержит запрос на несуществующую услугу.",12,5,in_progress,2026-04-20 08:35:00,3,6
796,"Срочно желательно помощь на объекте №876.",12,4,in_progress,2026-03-18 10:40:00,1,5
797,"Поступило срочное обращение без конкретики от №741.",12,2,escalated,2026-04-29 09:45:00,1,7
798,"Поступило обращение с неясным содержанием от №309.",12,1,new,2026-03-30 07:05:00,14,5
799,"Поступила претензия от клиента непонятного характера.",12,4,closed,2026-04-11 13:05:00,9,11
800,"Поступило обращение о нестандартном поведении системы №282.",12,1,new,2026-03-31 15:10:00,8,4
801,"Обращение содержит противоречивые технические данные №909.",12,3,resolved,2026-03-24 12:20:00,4,15
802,"Получена заявка неопределенного срочного характера.",12,1,resolved,2026-04-14 15:30:00,18,7
803,"Непонятная ситуация на участке №807 нужна разъяснение.",12,3,escalated,2026-03-15 14:55:00,11,7
804,"Хотелось бы решение ситуации без аналогов в регламентах.",12,2,new,2026-04-07 11:40:00,4,12
805,"Поступил сигнал о нарушении без конкретных данных.",12,2,in_progress,2026-04-26 13:55:00,5,20
806,"Прошу разъяснение по нетиповой ситуации с заказом №709.",12,4,closed,2026-05-04 14:30:00,15,20
807,"Обращение требует согласования сразу нескольких отделов.",12,2,closed,2026-03-29 14:30:00,10,13
808,"Поступило устное обращение без оформления заявки.",12,3,assigned,2026-05-13 07:20:00,2,3
809,"Обращение требует решения на уровне директора.",12,5,closed,2026-05-13 07:10:00,6,10
810,"Непонятные показания датчика №828 требуют дополнительной проверки.",12,1,in_progress,2026-03-17 11:35:00,15,8
811,"Нужна дополнительное исследование проблемы №664.",12,3,resolved,2026-04-04 10:05:00,4,9
812,"Нестандартная ситуация с документацией на изделие №303.",12,2,in_progress,2026-04-17 10:30:00,15,2
813,"Обращение не имеет четкой категории требует проверки.",12,3,escalated,2026-03-28 07:15:00,17,20
814,"Нестандартная поломка не описана в регламентах №611.",12,1,new,2026-03-02 08:45:00,15,12
815,"Поступил запрос на работы вне компетенции отдела №589.",12,2,resolved,2026-04-15 07:05:00,1,3
816,"Непонятное техническое задание поступило на исполнение №379.",12,4,closed,2026-04-16 13:30:00,12,19
817,"Неизвестная проблема мешает работе цеха №127.",12,2,closed,2026-04-23 07:15:00,2,9
818,"Ситуация зависла, без руководства не разрулить нетипичного обращения №381.",12,2,assigned,2026-03-26 15:45:00,8,11
819,"Нестандартная неисправность требует консультации производителя №616.",12,2,closed,2026-03-28 08:05:00,17,12
820,"Непонятная ситуация с учетом материалов на складе №411.",12,3,in_progress,2026-04-17 15:40:00,13,1
821,"Запрос не содержит достаточно информации для обработки.",12,5,in_progress,2026-05-02 14:35:00,16,12
822,"Поступил запрос на согласование нестандартных условий.",12,3,resolved,2026-03-21 08:55:00,3,6
823,"Нужна консультация специалиста по вопросу №938.",12,2,in_progress,2026-04-14 11:35:00,20,3
824,"Нестандартный запрос от подрядчика требует уточнения.",12,4,assigned,2026-04-11 15:20:00,11,6
825,"Обращение связано с ситуацией не описанной в инструкциях.",12,4,escalated,2026-04-14 07:50:00,14,11
826,"Не определена ответственность за устранение проблемы №378.",12,2,resolved,2026-04-18 15:45:00,19,12
827,"Запрос не соответствует ни одному регламентному процессу.",12,5,new,2026-03-04 07:40:00,16,5
828,"Непонятная неисправность без воспроизведения на участке №322.",12,3,in_progress,2026-05-09 11:30:00,2,6
829,"Нестандартная ситуация требует решения руководства.",12,4,new,2026-04-30 08:25:00,18,4
830,"Нестандартный сбой в процессе производства №213.",12,4,in_progress,2026-03-06 11:00:00,6,19
831,"Нестандартный инцидент требует привлечения сторонних специалистов.",12,1,new,2026-04-14 16:30:00,16,14
832,"Пора решение нестандартного вопроса №202.",12,2,new,2026-05-01 07:25:00,5,2
833,"Желательно специальное расследование инцидента №450.",12,1,in_progress,2026-04-25 11:20:00,10,7
834,"Получено обращение с противоречивыми данными №476.",12,5,assigned,2026-03-21 15:55:00,6,11
835,"Непонятная ситуация с оборудованием не описана в паспорте №751.",12,4,in_progress,2026-03-01 09:35:00,8,15
836,"Обращение дублирует ранее решенную заявку №772.",12,1,assigned,2026-04-24 16:45:00,16,14
837,"Не работает кнопка питания на системном блоке №252.",13,1,escalated,2026-03-01 10:40:00,9,20
838,"Не подключается bluetooth мышь к ноутбуку №724.",13,4,new,2026-03-25 16:25:00,14,3
839,"Прошу добавить оперативную память компьютеру №298.",13,5,in_progress,2026-04-19 11:25:00,1,14
840,"Не включается монитор №969 при запуске компьютера.",13,3,in_progress,2026-03-28 11:50:00,16,10
841,"Надо переустановка windows на компьютере №655.",13,3,resolved,2026-05-03 14:00:00,1,14
842,"Хотелось бы восстановить случайно удаленные файлы на пк №252.",13,5,resolved,2026-04-27 07:25:00,12,1
843,"Не печатает сетевой принтер №421 в отделе №423.",13,2,new,2026-05-12 12:45:00,15,7
844,"Зависает корпоративная программа №990 при старте.",13,3,resolved,2026-03-12 10:20:00,7,2
845,"Зависает корпоративная почта на отправке вложения №777.",13,5,escalated,2026-04-21 12:10:00,9,20
846,"Не работает кабель ethernet рабочего места №400.",13,1,in_progress,2026-03-14 13:15:00,14,10
847,"Не работает автоматическая блокировка экрана на пк №377.",13,1,in_progress,2026-04-05 08:05:00,1,8
848,"Не воспроизводит видео проектор в зале №879.",13,3,assigned,2026-04-06 11:15:00,19,3
849,"Пора настройка двух мониторов на рабочей станции №762.",13,4,closed,2026-04-27 12:50:00,19,9
850,"Зависает excel при работе с большим файлом №697.",13,4,resolved,2026-03-25 15:10:00,19,11
851,"Не работает кабель питания монитора №166.",13,5,in_progress,2026-03-22 07:45:00,9,12
852,"Не открывается корпоративное приложение после обновления №802.",13,4,escalated,2026-03-11 09:55:00,5,17
853,"Не сканирует документы мфу №894 в отделе №633.",13,4,assigned,2026-05-14 08:00:00,14,10
854,"Зависает chrome при открытии корпоративного портала №906.",13,5,in_progress,2026-03-31 07:55:00,15,2
855,"Зависает №795 при попытке сохранить документ.",13,2,new,2026-03-03 13:40:00,20,12
856,"Пора менять термопасты процессора компьютера №158.",13,2,resolved,2026-03-30 11:15:00,7,1
857,"Не обновляется антивирус на компьютере №107.",13,1,in_progress,2026-04-17 14:40:00,11,15
858,"Не определяется флешка в usb порту компьютера №322.",13,3,closed,2026-03-08 10:25:00,8,20
859,"Прошу установить офисный пакет на новый компьютер №785.",13,4,escalated,2026-03-10 10:25:00,12,8
860,"Завис ноутбук №32 при обновлении windows.",13,2,closed,2026-03-17 13:25:00,19,8
861,"Не работает кнопка №736 на клавиатуре рабочей станции №326.",13,3,in_progress,2026-04-14 09:35:00,7,1
862,"Не работает камера на мониторе в переговорной №192.",13,4,in_progress,2026-03-05 12:05:00,8,16
863,"Зависает система №887 при большой нагрузке.",13,3,in_progress,2026-03-11 14:50:00,4,12
864,"Не открывается корпоративный vpn клиент на ноутбуке №15.",13,1,escalated,2026-03-17 09:05:00,17,20
865,"Пора менять сетевой карты в компьютере №507.",13,1,closed,2026-03-17 12:15:00,19,9
866,"Пора менять вентилятора в системном блоке №808 шумит.",13,4,new,2026-05-06 11:25:00,4,15
867,"Не работает разъем для наушников на компьютере №393.",13,5,in_progress,2026-03-09 15:55:00,20,10
868,"Не работает №613ю порт usb на ноутбуке №308.",13,5,closed,2026-04-03 07:50:00,2,6
869,"Пора менять жесткого диска на пк №901.",13,2,closed,2026-04-12 14:55:00,20,11
870,"Не работает тачпад на ноутбуке №412.",13,3,in_progress,2026-03-08 11:25:00,10,19
871,"Зависает корпоративное приложение №978 на этапе загрузки.",13,3,in_progress,2026-04-03 12:50:00,12,16
872,"Зависает корпоративный браузер на странице авторизации.",13,3,escalated,2026-03-18 16:25:00,17,7
873,"Не подключается сетевой принтер к ноутбуку №922.",13,3,new,2026-05-05 16:25:00,4,7
874,"Пора менять батареи в беспроводной клавиатуре №495.",13,1,resolved,2026-04-29 08:20:00,15,11
875,"Желательно перепрошивка принтера №79 после сбоя.",13,3,closed,2026-03-19 13:15:00,20,7
876,"Зависает adobe acrobat при открытии файла №895.",13,1,in_progress,2026-03-28 16:40:00,13,12
877,"Не отображается wifi сеть на ноутбуке №352.",13,2,resolved,2026-04-03 11:50:00,14,12
878,"Не работает сканер штрихкодов на складе №390.",13,4,closed,2026-04-03 11:30:00,2,15
879,"Не работает микрофон гарнитуры на рабочей станции №116.",13,2,escalated,2026-03-23 16:05:00,18,2
880,"Зависает №416 при формировании ведомости №565.",13,3,escalated,2026-03-21 10:55:00,6,17
881,"Не убраны окурки у входа №430 на территории.",14,1,closed,2026-04-20 16:45:00,11,9
882,"Не убраны строительные материалы после ремонта кабинета №58.",14,1,in_progress,2026-03-17 08:45:00,20,15
883,"Не убраны остатки еды под столами в обеденной зоне.",14,2,escalated,2026-03-07 09:15:00,19,20
884,"Грязные зеркала в туалетах всех этажей требуют протирки.",14,5,escalated,2026-04-23 13:40:00,15,6
885,"Не убраны следы от маркера на доске в переговорной №701.",14,2,escalated,2026-03-20 07:35:00,11,9
886,"Нужна чистка вентиляционных решеток кабинета №40.",14,2,in_progress,2026-03-30 12:55:00,11,1
887,"Не убраны опавшие листья на дорожках территории.",14,4,closed,2026-04-18 11:25:00,13,11
888,"Стоит очистка урн у входа в здание №139.",14,4,in_progress,2026-05-14 09:30:00,11,3
889,"Не убраны пустые коробки у принтера на этаже №763.",14,4,closed,2026-04-27 08:40:00,8,18
890,"Нужна чистка кондиционеров от пыли и налета №524.",14,5,escalated,2026-05-08 13:30:00,18,14
891,"Нужно убрать технического помещения №645 раз квартал.",14,3,in_progress,2026-04-07 13:50:00,4,14
892,"Нужна дезинфекция поручней в лифте.",14,4,in_progress,2026-03-12 16:40:00,3,17
893,"Нужно убрать пыли на стеллажах архива №316.",14,1,assigned,2026-04-16 15:25:00,4,16
894,"Нужно почистить кулера с водой от накипи этаж №620.",14,2,in_progress,2026-05-14 11:35:00,18,14
895,"Грязное стекло входных дверей офиса требует протирки.",14,3,assigned,2026-04-07 11:50:00,14,19
896,"Стоит мытье полов в архиве №87 после перестановки.",14,5,in_progress,2026-03-26 08:50:00,5,6
897,"Нужно убрать в серверной комнаты №308 от пыли.",14,1,in_progress,2026-04-14 14:55:00,14,5
898,"Грязные стены коридора №89 этажа требуют мытья.",14,1,escalated,2026-03-15 16:30:00,20,4
899,"Не выброшен просроченный продукт из холодильника кухни №623.",14,5,closed,2026-03-31 14:00:00,19,1
900,"Грязные плитки пола туалета №335 этажа требуют мытья.",14,2,assigned,2026-03-04 15:45:00,1,4
901,"Загрязнен кулер №910 пора промывка и дезинфекция.",14,1,assigned,2026-05-10 16:15:00,11,10
902,"Не убраны листовки и бумаги на ресепшн после мероприятия.",14,2,new,2026-03-15 12:05:00,18,11
903,"Загрязнены перила лестницы с №788 по №903 этаж.",14,2,closed,2026-04-24 07:25:00,13,20
904,"Нужно почистить ковровых дорожек на лестнице №788.",14,5,assigned,2026-05-03 09:20:00,9,4
905,"Нужно убрать обеденной зоны после корпоратива.",14,4,in_progress,2026-05-06 10:30:00,9,17
906,"Нужна уборка склада №277 после инвентаризации.",14,5,resolved,2026-03-06 08:20:00,5,14
907,"Грязный ковер в холле первого этажа требует чистки.",14,3,assigned,2026-05-13 12:25:00,16,15
908,"Грязный пол в лифте требует мытья.",14,5,closed,2026-04-10 12:30:00,5,11
909,"Засорился сифон в раковине кухни №460 этажа.",14,3,escalated,2026-04-04 10:10:00,14,6
910,"Не работает освежитель воздуха в кабинете №872.",14,2,closed,2026-03-18 07:10:00,5,14
911,"Нужна уборка после небольшого потопа в туалете №204.",14,2,in_progress,2026-04-21 11:25:00,18,9
912,"Нужна уборка кровли от снега наледи вход №843.",14,2,resolved,2026-03-28 16:45:00,3,18
913,"Загрязнены светильники в холле желательно протирка.",14,4,escalated,2026-03-10 10:30:00,6,5
914,"Запах табака в туалете №245 этажа проветрить.",14,3,closed,2026-04-26 12:45:00,11,18
915,"Нужна дезинфекция дверных ручек во всех кабинетах.",14,1,assigned,2026-04-25 07:20:00,11,10
916,"Не пополнен запас мусорных пакетов для корзин этажа №874.",14,2,closed,2026-03-20 11:35:00,16,13
917,"Грязные батареи отопления в кабинете №221 пыль.",14,2,in_progress,2026-05-09 14:35:00,18,12
918,"Загрязнены жалюзи в переговорной №3 нужно почистить.",14,2,in_progress,2026-03-29 09:35:00,3,9
919,"Не убраны листья у входа в здание.",14,3,in_progress,2026-05-01 10:10:00,7,8
920,"Нужна обработка от насекомых на кухне №730 этажа.",14,5,new,2026-04-24 08:10:00,13,14
921,"Нужно убрать на парковке перед офисом.",14,3,in_progress,2026-04-28 07:20:00,13,20
922,"Грязная кладовка №709 требует генеральной уборки.",14,3,in_progress,2026-03-17 09:35:00,6,3
923,"Не убраны тарелки и кружки в переговорной №260.",14,2,in_progress,2026-04-06 07:40:00,13,19
924,"Не убрана вода возле кулера на этаже №830.",14,4,assigned,2026-04-24 09:35:00,3,19
925,"Брак партии деталей №432.",3,4,resolved,2026-04-27 07:05:00,5,19
926,"Нужна диагностика компрессора №777.",1,5,in_progress,2026-04-08 14:50:00,19,10
927,"Отсутствует освещение в зоне №782.",2,2,resolved,2026-03-17 09:30:00,6,14
928,"Посторонний шум в редукторе конвейера №628.",1,5,new,2026-03-10 16:30:00,20,16
929,"Срочно нужен сварочная проволока св 1.6с сборочного цеха.",4,4,in_progress,2026-04-22 11:10:00,17,4
930,"Провести замену огнетушителей цехах срок годности истек.",5,1,new,2026-04-09 09:10:00,19,16
931,"Сбой панели управления линии №260.",1,4,new,2026-03-14 08:55:00,2,3
932,"Замена фильтров вентиляционной системе №137.",9,2,closed,2026-03-17 09:30:00,12,4
933,"Короткое замыкание в сварочном аппарате №905.",2,4,resolved,2026-05-09 08:40:00,1,12
934,"Испытаниях насос н №77 не выдерживает давление конструкторский дефект.",3,3,escalated,2026-04-15 08:10:00,18,4
935,"Брак партии деталей №250.",3,5,new,2026-04-19 09:30:00,4,10
936,"Замена фильтров вентиляционной системе №824.",9,4,escalated,2026-04-27 11:15:00,15,4
937,"Замена фильтров вентиляционной системе №2.",9,2,new,2026-05-08 08:50:00,16,12
938,"Отсутствует освещение в зоне №890.",2,4,in_progress,2026-04-22 07:20:00,5,11
939,"Пора менять масла ЧПУ №545.",9,5,escalated,2026-05-03 08:20:00,8,2
940,"Вибрация работе штамповочного пресса №581.",1,4,resolved,2026-05-11 09:35:00,8,9
941,"Вопрос расчету сверхурочных март.",6,5,new,2026-04-30 09:15:00,1,11
942,"Оформление допуска высотным работам №741.",5,3,in_progress,2026-03-18 08:45:00,19,5
943,"В распределительном щите №892 искрит.",2,3,escalated,2026-04-25 10:45:00,18,14
944,"Закончились резцы токарного станка №682.",4,5,resolved,2026-05-07 16:05:00,13,3
945,"Сломался фрезерный станок №248.",1,2,escalated,2026-04-08 12:20:00,3,7
946,"Короткое замыкание в сварочном аппарате №304.",2,5,in_progress,2026-04-03 08:15:00,8,7
947,"Замена подшипников главного привода №838.",1,1,new,2026-04-16 09:20:00,14,19
948,"Нужна диагностика компрессора №951.",1,4,in_progress,2026-03-30 07:30:00,7,11
949,"Нужна калибровка измерительного инструмента №993.",9,4,assigned,2026-04-18 16:10:00,10,12
950,"Скорректировать месячный план производства учетом простоя оборудования.",11,3,escalated,2026-03-19 10:25:00,8,13
951,"Протечка сож на станке №945.",8,5,new,2026-05-05 08:40:00,12,9
952,"Замена подшипников главного привода №553.",1,3,in_progress,2026-05-02 14:05:00,5,4
953,"Перегрев двигателя вытяжки в цехе №287.",1,5,new,2026-03-23 10:45:00,3,19
954,"Организовать обучение операторов ЧПУ новому программному обеспечению.",10,4,closed,2026-03-10 14:00:00,20,11
955,"Перегрев двигателя вытяжки в цехе №568.",1,3,new,2026-04-06 16:20:00,5,8
956,"Неисправность датчика давления на прессе №575.",1,3,resolved,2026-03-28 11:25:00,7,18
957,"Брак партии деталей №252.",3,3,resolved,2026-04-26 16:20:00,19,12
958,"Сбой панели управления линии №833.",1,1,assigned,2026-04-12 09:00:00,3,16
959,"Перегрев двигателя вытяжки в цехе №394.",1,1,new,2026-04-27 09:45:00,12,2
960,"Не включается монитор в диспетчерской №187.",13,4,assigned,2026-03-20 13:45:00,14,16
961,"Сбой панели управления линии №99.",1,4,closed,2026-04-19 14:45:00,17,19
962,"Нужна калибровка измерительных приборов.",9,4,closed,2026-04-19 09:50:00,17,9
963,"Отсутствует освещение в зоне №423.",2,3,escalated,2026-03-02 16:25:00,15,7
964,"Восстановление чертежей детали №466.",11,1,resolved,2026-03-25 12:35:00,7,8
965,"Нужно пополнить запаса расходных материалов.",4,2,escalated,2026-05-12 15:55:00,9,4
966,"Прошу срочная замена детали.",1,4,in_progress,2026-04-16 07:10:00,14,13
967,"Короткое замыкание в сварочном аппарате №413.",2,1,in_progress,2026-04-17 12:50:00,13,9
968,"Вибрация работе штамповочного пресса №782.",1,5,escalated,2026-03-03 09:00:00,11,14
969,"Сломался фрезерный станок №536.",1,3,escalated,2026-04-06 15:20:00,12,2
970,"Протечка сож на станке №85.",8,4,new,2026-03-30 15:55:00,7,19
971,"Проверить заземление оборудования №825.",2,4,assigned,2026-03-24 14:55:00,14,15
972,"Ошибка позиционирования шпинделя станка №869.",1,5,new,2026-04-12 07:20:00,11,13
973,"Обучение нового сотрудника участке №395.",10,2,in_progress,2026-04-14 14:55:00,5,6
974,"Вышел строя проектор конференц зале №444.",13,2,resolved,2026-05-07 16:05:00,7,12
975,"Не открывается корпоративный портал на компьютере №134.",13,1,resolved,2026-03-28 13:30:00,3,9
976,"Клавиатура №506 залита кофе не работает.",13,4,in_progress,2026-04-27 16:45:00,19,16
977,"Не включается рабочая станция инженера №180.",13,2,assigned,2026-04-17 15:45:00,16,12
978,"Принтер №313 печатает с полосами нужно почистить.",13,4,resolved,2026-04-24 08:20:00,11,18
979,"Не печатает принтер №571 в офисе №872.",13,4,in_progress,2026-05-02 15:30:00,3,6
980,"Не работает корпоративный телефон в переговорной №949.",13,5,escalated,2026-03-20 09:50:00,11,17
981,"Пора менять аккумулятора ноутбука №253.",13,5,assigned,2026-03-02 14:00:00,9,18
982,"Закончилась туалетная бумага санузле №171 этажа.",14,1,resolved,2026-04-23 08:00:00,15,13
983,"Загрязнен кофемат №17 нужно почистить обслуживание.",14,4,resolved,2026-04-22 16:35:00,15,1
984,"Нужна дезинфекция рабочих поверхностей в офисе.",14,3,closed,2026-04-16 09:45:00,14,19
985,"Не работает посудомоечная машина на кухне №504 этажа.",14,3,resolved,2026-03-17 13:15:00,20,19
986,"Не убрана переговорная №840 после мероприятия.",14,5,assigned,2026-03-12 15:10:00,2,3
987,"Пролита краска в коридоре №641 на этаже хотелось бы срочная уборка.",14,2,escalated,2026-04-18 11:45:00,19,8
988,"Сломан диспенсер бумажных полотенец в туалете №619 этажа.",14,1,new,2026-04-06 13:55:00,10,13
989,"Пятна на потолке офиса №737 после протечки нужно убрать.",14,2,closed,2026-05-14 09:25:00,5,9
990,"Вырубило автомат щитке №707 этажа.",2,1,in_progress,2026-03-06 13:35:00,5,20
991,"Щиток №443 греется при нагрузке нужна ревизия.",2,5,closed,2026-03-04 12:30:00,3,18
992,"Удар током от корпуса станка №865.",2,2,in_progress,2026-05-08 15:05:00,7,16
993,"Пора менять ламп дневного света в кабинете №495.",2,4,in_progress,2026-04-21 09:05:00,20,7
994,"Замена автоматических выключателей щитке №361.",2,3,in_progress,2026-04-01 07:55:00,10,13
995,"Перегрелся кабель питания компрессора №557.",2,3,assigned,2026-04-21 08:35:00,8,11
996,"Не работает уличное освещение на парковке.",2,2,new,2026-05-05 13:10:00,5,15
997,"Перегорела лампа №266 в цехе №401 замените.",2,4,escalated,2026-03-03 16:00:00,3,4
998,"Не горит аварийное освещение на выходе №462.",2,5,resolved,2026-04-23 15:50:00,4,19
999,"Выявлен брак анодирования алюминиевых деталей партии №53.",3,3,closed,2026-05-02 14:15:00,20,8
1000,"Несоответствие допусков резьбовых соединений партии №877.",3,3,escalated,2026-03-26 08:45:00,9,10
1001,"Несоответствие параметров клапана №21 рабочему давлению.",3,1,closed,2026-05-12 09:05:00,11,6
1002,"Выявлен скол керамического покрытия деталях №662.",3,5,escalated,2026-04-28 10:50:00,9,10
1003,"Выявлен брак при намотке трансформатора №96.",3,4,assigned,2026-03-28 09:50:00,18,17
1004,"Выявлены трещины при ультразвуковом контроле партии №173.",3,5,closed,2026-04-30 13:10:00,12,5
1005,"Отверстия деталях партии №164 не соответствуют чертежу.",3,2,closed,2026-03-25 15:30:00,10,11
1006,"Несоответствие усилия пружин партии №827 техническому заданию.",3,2,assigned,2026-03-07 10:35:00,15,16
1007,"Выявлен брак штамповки партия №232.",3,5,new,2026-04-13 14:55:00,12,17
1008,"Несоответствие химического состава материала партии №787.",3,2,closed,2026-03-15 10:25:00,16,8
1009,"Отслоение защитного покрытия деталей партии №939.",3,2,in_progress,2026-03-26 09:45:00,4,16
1010,"Несоответствие параметров насоса №995 техническому заданию.",3,2,assigned,2026-04-02 14:00:00,18,12
1011,"Выявлены поры сварном шве изделии №445.",3,3,resolved,2026-03-16 13:35:00,1,2
1012,"Несоответствие маркировки изделий партии №599 стандарту.",3,4,resolved,2026-05-05 16:05:00,8,6
1013,"Закончились люминофоры для маркировки трубопроводов.",4,2,resolved,2026-05-09 08:45:00,17,15
1014,"Закончились пластиковые лотки для деталей сборки №922.",4,3,resolved,2026-04-30 11:05:00,7,2
1015,"Желательно поставка метизов для сборочного цеха.",4,2,new,2026-04-20 12:30:00,9,6
1016,"Пополните запас уплотнительных колец №960.",4,4,closed,2026-05-14 10:15:00,7,14
1017,"Нет антикоррозийного покрытия для деталей партии №603.",4,1,assigned,2026-04-29 11:55:00,10,8
1018,"Нет ацетона для обезжиривания деталей цеха №562.",4,5,new,2026-03-19 14:15:00,3,12
1019,"Хотелось бы поставка пластиковых заглушек диаметр №292.",4,3,new,2026-03-17 15:00:00,1,8
1020,"Нужен заказать уголки крепежные для конструкции №713.",4,2,closed,2026-03-16 11:15:00,7,5
1021,"Необходима поставка шпилек резьбовых м №286.",4,1,in_progress,2026-03-23 12:10:00,13,19
1022,"Нет кабельных каналов для прокладки проводки №827.",4,3,resolved,2026-03-13 08:35:00,14,3
1023,"Необходима поставка контактной смазки для щитков.",4,2,in_progress,2026-04-14 09:15:00,7,11
1024,"Надо заказать стальной трос диаметром №840 мм.",4,1,escalated,2026-04-17 14:20:00,12,2
1025,"Необходима поставка сигнальных лент ограждения.",4,4,resolved,2026-04-15 12:10:00,3,10
1026,"Необходима поставка алюминиевых профилей для монтажа.",4,4,in_progress,2026-03-22 07:25:00,15,11
1027,"Нет защитных экранов для станков участка №291.",4,3,escalated,2026-04-08 15:40:00,13,19
1028,"Истек срок поверки защитных касок цеха №48.",5,1,closed,2026-03-10 14:35:00,9,19
1029,"Необходима противогазы для рабочих зоны №290.",5,3,assigned,2026-03-26 14:30:00,15,19
1030,"Отсутствует маркировка трубопроводов опасных веществ №460.",5,4,assigned,2026-05-05 09:35:00,18,9
1031,"Не закреплено оборудование №287 возможно опрокидывание.",5,5,closed,2026-05-13 16:25:00,20,19
1032,"Не пройден медосмотр сотрудником №368 допуск закрыт.",5,5,new,2026-03-22 15:25:00,13,10
1033,"Проверьте, пожалуйста состояния лесов строительных объекта №763.",5,4,escalated,2026-03-24 16:45:00,16,7
1034,"Проверьте, пожалуйста исправности аварийного душа №715.",5,3,escalated,2026-04-01 09:30:00,15,7
1035,"Не проведена оценка рисков нового рабочего места №220.",5,4,closed,2026-03-17 16:40:00,17,4
1036,"Не пройдено обучение по электробезопасности группа №215.",5,2,assigned,2026-04-05 16:10:00,10,1
1037,"Хотелось бы повторный инструктаж после несчастного случая №824.",5,3,in_progress,2026-03-18 12:15:00,8,9
1038,"Не выдана спецодежда новому сотруднику №237.",5,2,resolved,2026-03-02 12:40:00,4,12
1039,"Нарушена периодичность осмотров страховочных привязей №389.",5,2,new,2026-04-19 13:30:00,1,19
1040,"Истек срок действия удостоверения по охране труда сотрудника №847.",5,4,new,2026-05-12 13:55:00,4,20
1041,"Не проведена проверка устойчивости стеллажей склада №79.",5,1,in_progress,2026-03-03 15:05:00,7,18
1042,"Нужна актуализировать перечень должностей с вредными условиями.",5,1,new,2026-04-26 10:15:00,7,17
1043,"Превышение предельно допустимой концентрации пыли цех №302.",5,3,resolved,2026-05-12 14:30:00,7,5
1044,"Не внесены данные нового сотрудника №569 в 1с кадры.",6,2,resolved,2026-03-17 12:35:00,11,12
1045,"Переоформление пропуска сотрудника №285.",6,2,new,2026-03-04 14:55:00,18,20
1046,"Не проведена аттестация рабочего места №291.",5,4,assigned,2026-04-23 16:15:00,17,5
1047,"Оформить простой по вине работодателя участку №856.",6,1,in_progress,2026-04-29 09:55:00,5,6
1048,"Сотрудник №616 отказывается подписывать ознакомление с приказом.",6,2,escalated,2026-05-07 14:25:00,1,6
1049,"Ошибка в трудовой книжке сотрудника №508 исправить.",6,2,closed,2026-03-30 13:05:00,5,1
1050,"Ошибка в начислении индексации зарплаты №35.",6,4,resolved,2026-05-03 07:00:00,11,12
1051,"Нужна справка о доходах для сотрудника №162.",6,1,new,2026-04-02 12:45:00,15,12
1052,"Оформить частичную занятость сотруднику №795.",6,2,assigned,2026-03-14 16:00:00,9,4
1053,"Не произведен зачет переплаты при расчете отпускных №319.",6,1,closed,2026-03-12 11:05:00,14,5
1054,"Ошибочно удержан ndfl из премии сотрудника №876.",6,5,resolved,2026-03-26 14:30:00,13,14
1055,"Нужна уточнить дату выхода из декрета №186.",6,5,in_progress,2026-03-31 15:30:00,17,6
1056,"Нужен согласование сверхурочной работы №444.",6,5,assigned,2026-04-21 16:55:00,13,7
1057,"Не оформлен отказ от дополнительного отпуска №338.",6,1,resolved,2026-03-30 16:00:00,18,8
1058,"Оформить командировку для сотрудника №278 дата №545.",6,3,new,2026-04-02 11:25:00,20,16
1059,"Не учтена надбавка за ночные смены №380.",6,1,resolved,2026-05-09 09:20:00,10,4
1060,"Не выдана санитарная книжка сотруднику №103.",6,1,closed,2026-04-04 15:20:00,18,19
1061,"Сбой системы учета рабочего времени №389.",7,2,in_progress,2026-04-09 11:55:00,3,7
1062,"Нужно восстановить доступ к архивным базам данных №142.",7,3,new,2026-03-27 11:30:00,1,13
1063,"Не работает принтерный сервер отдела №708.",7,1,new,2026-04-07 16:50:00,19,4
1064,"Ошибка подключения к файловому серверу №415.",7,3,new,2026-03-12 16:35:00,5,8
1065,"Нужна настроить групповые политики домена №451.",7,4,escalated,2026-03-08 11:35:00,9,1
1066,"Сбой выгрузки данных отчетности за период №416.",7,2,closed,2026-04-26 07:15:00,1,12
1067,"Не отображается инвентаризация в системе учета №286.",7,2,resolved,2026-04-11 12:50:00,11,13
1068,"Нужно обновить программное обеспечение станции №392.",7,4,closed,2026-03-12 09:50:00,10,12
1069,"Не открывается корпоративный портал №624.",7,2,escalated,2026-04-23 15:45:00,7,1
1070,"Нужно настройка двухфакторной аутентификации №211.",7,3,closed,2026-03-10 14:30:00,12,17
1071,"Ошибка при формировании отчетов в системе №452.",7,4,assigned,2026-05-14 16:45:00,13,17
1072,"Ошибка репликации данных между серверами №266.",7,3,resolved,2026-04-23 15:55:00,15,9
1073,"Сбой работе системы видеонаблюдения объекта №880.",7,2,closed,2026-04-08 14:20:00,12,11
1074,"Не синхронизируются данные кассы с бухгалтерской системой.",7,2,escalated,2026-05-01 08:55:00,10,7
1075,"Нужна настроить сервер печати для нового отдела №549.",7,3,escalated,2026-04-04 14:55:00,15,12
1076,"Не отображаются данные складе системе учета №120.",7,5,resolved,2026-03-18 14:35:00,11,10
1077,"Не доступен сервер баз данных №286 с утра.",7,5,in_progress,2026-03-01 12:55:00,15,5
1078,"Обнаружена утечка на соединении кислородного шланга №743.",8,5,resolved,2026-03-25 10:00:00,5,9
1079,"Капает вода с потолка в переговорной №854.",8,4,closed,2026-04-17 07:00:00,6,3
1080,"Течет крыша над производственным цехом №515.",8,2,resolved,2026-03-23 13:50:00,18,5
1081,"Протечка арматуры на трубопроводе №233 участка.",8,4,new,2026-03-27 10:10:00,7,12
1082,"Течет корпус обратного клапана трубопровода №850.",8,3,resolved,2026-04-16 15:45:00,20,5
1083,"Течет холодильник на кухне №84 этажа лужа.",8,4,assigned,2026-04-03 10:25:00,8,16
1084,"Обнаружена утечка фреона кондиционера зала №776.",8,1,resolved,2026-04-12 07:30:00,14,6
1085,"Вытекает трансформаторное масло из трансформатора №384.",8,1,resolved,2026-04-03 15:15:00,17,12
1086,"Течет поплавковый клапан бачка унитаза №325 этажа.",8,3,assigned,2026-03-12 14:05:00,9,15
1087,"Протечка радиатора отопления в цехе №301.",8,5,closed,2026-03-07 11:10:00,19,7
1088,"Течет кровля над складским помещением №404.",8,5,resolved,2026-03-20 15:50:00,11,19
1089,"Протечка трубы водоснабжения в стене офиса №864.",8,5,in_progress,2026-03-25 07:40:00,15,19
1090,"Протечка через уплотнение насоса №206.",8,4,closed,2026-04-21 08:15:00,11,7
1091,"Протечка трубы отопления в кабинете №453.",8,2,resolved,2026-03-12 12:25:00,15,16
1092,"Обнаружена утечка через сальник задвижки №523.",8,5,closed,2026-03-07 14:45:00,20,1
1093,"Плановое обслуживание системы кондиционирования №718.",9,3,assigned,2026-03-13 13:00:00,16,2
1094,"Плановое обслуживание электрощитов по регламенту №117.",9,1,resolved,2026-03-24 12:35:00,10,9
1095,"Стоит провести регламентное обслуживание котла №203.",9,3,resolved,2026-04-01 11:45:00,6,8
1096,"Замена технологических насадок по регламенту №462.",9,1,closed,2026-03-10 13:05:00,17,13
1097,"Плановое обслуживание системы аварийной сигнализации №437.",9,1,new,2026-04-13 12:15:00,7,10
1098,"Плановая смазка подшипников конвейеров участка №194.",9,4,assigned,2026-05-12 09:50:00,18,1
1099,"Плановая проверка редукторов конвейерных линий №457.",9,4,closed,2026-05-12 08:15:00,5,6
1100,"Плановая проверка точности измерительных приборов №435.",9,5,in_progress,2026-03-21 10:00:00,16,19
1101,"Желательно провести осмотр грузовых стеллажей №894.",9,3,new,2026-04-18 10:25:00,11,18
1102,"Обслуживание установки подготовки сжатого воздуха №643.",9,4,closed,2026-03-08 16:55:00,12,7
1103,"Плановая замена электрощеток двигателей участка №810.",9,5,escalated,2026-03-09 14:25:00,5,13
1104,"Плановая инспекция состояния кровли здания.",9,3,assigned,2026-04-04 15:50:00,11,19
1105,"Нужно обучение персонала правилам безопасного обращения с химикатами.",10,3,new,2026-05-09 12:55:00,16,20
1106,"Желательно аттестация сварщиков по №968 разряду.",10,1,resolved,2026-05-10 12:40:00,6,14
1107,"Провести обучение по работе с газоанализаторами №243.",10,2,in_progress,2026-03-08 13:05:00,2,17
1108,"Нужен обучение ремонтников работе с новым диагностическим оборудованием.",10,1,in_progress,2026-03-30 08:30:00,1,6
1109,"Организовать обучение по работе новым оборудованием №834.",10,4,closed,2026-04-23 09:05:00,9,8
1110,"Провести обучение операторов №939 методам статистического контроля.",10,1,closed,2026-03-15 12:15:00,19,11
1111,"Организовать семинар по снижению производственных потерь №319.",10,5,new,2026-03-13 16:35:00,19,8
1112,"Провести обучение сотрудников базовым навыкам кибербезопасности.",10,3,assigned,2026-04-07 13:35:00,7,15
1113,"Нужна обучение контролеров качества по новому гост №696.",10,5,assigned,2026-05-12 16:45:00,4,6
1114,"Провести обучение операторов котлов по программе №281.",10,4,new,2026-03-01 13:35:00,10,17
1115,"Организовать тренинг по противопожарной безопасности.",5,5,assigned,2026-04-18 12:30:00,20,19
1116,"Организовать курс делового письма для менеджеров отдела.",10,3,assigned,2026-05-06 10:50:00,19,2
1117,"Организовать обучение диспетчеров работе оперативному учету №815.",10,5,escalated,2026-04-29 07:00:00,1,2
1118,"Организовать курс управления временем для руководителей.",10,2,new,2026-03-17 11:50:00,9,11
1119,"Провести обучение сотрудников работе системой №885 документооборота.",10,5,assigned,2026-04-25 10:00:00,1,4
1120,"Обновить план запуска номенклатуры на квартал №603.",11,5,new,2026-05-09 15:10:00,13,8
1121,"Нестандартная ситуация с доступом к зоне №538.",12,5,escalated,2026-03-30 13:30:00,19,20
1122,"Желательно консультация юриста по нестандартному вопросу №115.",12,1,closed,2026-03-30 16:05:00,16,20
1123,"Скорректировать план межцеховых передач деталей №485.",11,5,closed,2026-04-21 12:10:00,11,6
1124,"Изменить план контроля качества на смену №32.",11,4,escalated,2026-05-07 09:00:00,16,17
1125,"Скорректировать план обеспечения заготовками линии №207.",11,4,assigned,2026-04-04 12:05:00,1,20
1126,"Скорректировать план отгрузки на следующую неделю №362.",11,3,escalated,2026-04-30 08:35:00,16,3
1127,"Обновить производственную программу с учетом простоя №598.",11,2,resolved,2026-05-11 14:40:00,17,13
1128,"Нужен обновить сменно суточное задание участка №506.",11,4,closed,2026-05-02 15:55:00,1,4
1129,"Скорректировать план производства под новый заказ №587.",11,1,assigned,2026-04-27 09:25:00,2,6
1130,"Обновить задание оператору после изменения спецификации №652.",11,1,in_progress,2026-04-18 15:40:00,17,10
1131,"Пересмотреть задание бригаде №152 на следующую смену.",11,4,closed,2026-04-13 09:35:00,4,12
1132,"Обновить план распределения ресурсов цеха №876.",11,3,in_progress,2026-03-24 07:55:00,18,11
1133,"Изменить план запуска партии деталей №552.",11,4,escalated,2026-03-24 13:55:00,8,18
1134,"Нужен пересмотреть план загрузки участка №152.",11,4,resolved,2026-04-26 11:50:00,4,10
1135,"Нужна учесть сверхурочные работы при планировании №333.",11,1,escalated,2026-04-20 14:20:00,4,11
1136,"Изменить приоритет заказа №800 в производственном плане.",11,4,resolved,2026-04-14 09:45:00,15,4
1137,"Пересмотреть план производства с учетом отсутствия материала №840.",11,3,new,2026-04-02 09:50:00,12,20
1138,"Нужен скорректировать план с учетом поломки №867.",11,2,new,2026-05-04 07:15:00,6,12
1139,"Ситуация зависла, без руководства не разрулить обращения на уровень руководства.",12,3,new,2026-03-08 15:25:00,13,14
1140,"Поступила жалоба требующая специального расследования.",12,5,escalated,2026-03-25 13:05:00,9,14
1141,"Поступила заявка неопределенного содержания от сотрудника.",12,1,in_progress,2026-04-22 07:10:00,18,15
1142,"Нетипичное обращение не поддается стандартной обработке.",12,4,closed,2026-03-08 07:10:00,15,8
1143,"Обращение не имеет аналогов в базе знаний.",12,5,assigned,2026-04-23 09:30:00,14,7
1144,"Не удается идентифицировать источник проблемы №292.",12,5,new,2026-04-16 12:15:00,7,8
1145,"Ситуация требует нестандартного подхода к решению.",12,2,resolved,2026-04-21 16:20:00,13,18
1146,"Стоит решение прецедентной ситуации №778.",12,4,new,2026-04-12 09:35:00,2,10
1147,"Непонятная ошибка системы не имеет описания №99.",12,2,new,2026-05-05 14:55:00,11,5
1148,"Поступила заявка без указания места и оборудования.",12,5,assigned,2026-03-18 11:55:00,19,3
1149,"Поступил сигнал о проблеме без описания деталей №246.",12,2,assigned,2026-04-24 16:05:00,4,12
1150,"Обращение требует привлечения нескольких служб сразу.",12,1,closed,2026-04-19 16:25:00,4,8
1151,"Поступил запрос вне стандартных категорий обращений.",12,5,new,2026-04-19 15:10:00,17,19
1152,"Нетипичная неисправность не описана в документации.",12,5,new,2026-04-07 16:25:00,13,19
1153,"Получено обращение с неполной контактной информацией.",12,5,resolved,2026-03-21 11:20:00,18,13
1154,"Нестандартный инцидент требует внешней экспертизы.",12,4,resolved,2026-03-12 13:20:00,18,20
1155,"Пора менять кабеля hdmi для монитора №70.",13,3,assigned,2026-03-04 09:20:00,16,19
1156,"Завис принтер №575 в середине задания печати.",13,5,in_progress,2026-03-06 13:45:00,14,16
1157,"Пора менять аккумулятора в беспроводной мыши №85.",13,4,new,2026-03-10 13:50:00,3,15
1158,"Не читает дисковод на рабочей станции №827.",13,2,in_progress,2026-03-15 08:10:00,18,15
1159,"Не подключается bluetooth гарнитура к компьютеру №895.",13,5,assigned,2026-05-10 09:05:00,16,5
1160,"Не отображается изображение на мониторе №294.",13,3,resolved,2026-04-05 16:00:00,11,8
1161,"Не работает сетевой кабель на рабочем месте №946.",13,3,resolved,2026-05-09 12:35:00,7,10
1162,"Не работает динамик встроенный в монитор №701.",13,4,resolved,2026-04-04 10:25:00,6,2
1163,"Нужно почистить системного блока №849 от пыли.",13,4,escalated,2026-03-11 08:15:00,4,6
1164,"Сломана подставка монитора №327 рабочем месте.",13,2,escalated,2026-03-20 11:05:00,8,2
1165,"Забыли вынести мусор из кабинета №529.",14,1,new,2026-04-29 10:05:00,10,2
1166,"Хотелось бы генеральная уборка после ремонта кабинета №467.",14,5,escalated,2026-04-21 15:45:00,14,8
1167,"Не убрана зона отдыха сотрудников после обеда.",14,3,in_progress,2026-03-21 12:45:00,15,2
1168,"Нужно почистить кофемашины на кухне №989 этажа.",14,3,escalated,2026-04-26 10:50:00,7,3
1169,"Не убрана территория перед входом №383.",14,3,closed,2026-03-28 13:25:00,6,7
1170,"Нужна влажная уборка коридора №588 этажа.",14,4,escalated,2026-05-10 10:20:00,19,12
1171,"Грязные окна в кабинете №172 мешают работе.",14,2,assigned,2026-04-12 12:20:00,5,19
1172,"Нужна дополнительная уборка туалета №560 этажа.",14,3,closed,2026-04-29 07:35:00,18,17
1173,"Грязный холодильник кухни №910 этажа нужна уборка.",14,3,closed,2026-04-13 07:50:00,10,20
1174,"Следы грязи на полу лестницы с №281 по №831 этаж.",14,2,resolved,2026-03-10 14:00:00,13,15
1175,"Нужен восстановить данные после сбоя жесткого диска №537.",7,3,resolved,2026-04-06 13:25:00,19,3
1176,"Течет соединение подводки к батарее отопления кабинет №961.",8,3,assigned,2026-04-03 07:00:00,13,10
